-- 나머지 상품 데이터 삽입

-- Product 테이블 삽입
INSERT INTO Product (ProductID, ProductName, ProductType, Description, LaunchDate, SalesStatus, MinAmount, MaxAmount, BaseRate) VALUES
('P042_하나단체적금판매중단', '하나단체적금(판매중단)', '적금', '하나은행 하나단체적금(판매중단) 상품', '2022-01-01', '판매중단', 100000.00, 100000000.00, 1.0),
('P043_펫사랑_적금', '펫사랑 적금', '적금', '하나은행 펫사랑 적금 상품', '2022-01-01', '판매중', 100000.00, 100000000.00, 2.3),
('P044_하나일리있는적금판매중단', '하나일리있는적금(판매중단)', '적금', '하나은행 하나일리있는적금(판매중단) 상품', '2022-01-01', '판매중단', 100000.00, 100000000.00, 0.8),
('P045_하나의_여행_적금판매중단', '하나의 여행 적금(판매중단)', '적금', '하나은행 하나의 여행 적금(판매중단) 상품', '2022-01-01', '판매중단', 100000.00, 100000000.00, 3.3),
('P046_태아_사랑하나_적금판매중단', '태아 사랑하나 적금(판매중단)', '적금', '하나은행 태아 사랑하나 적금(판매중단) 상품', '2022-01-01', '판매중단', 100000.00, 100000000.00, 1.0),
('P047_하나_타이밍_적금', '하나 타이밍 적금', '적금', '하나은행 하나 타이밍 적금 상품', '2022-01-01', '판매중', 100000.00, 100000000.00, 2.7),
('P048_하나_합_적금판매중단', '하나 합 적금(판매중단)', '적금', '하나은행 하나 합 적금(판매중단) 상품', '2022-01-01', '판매중단', 100000.00, 100000000.00, 2.1),
('P049_에너지_챌린지_적금판매중단', '에너지 챌린지 적금(판매중단)', '적금', '하나은행 에너지 챌린지 적금(판매중단) 상품', '2022-01-01', '판매중단', 100000.00, 100000000.00, 1.3),
('P050_하나_청년희망_적금판매중단', '하나 청년희망 적금(판매중단)', '적금', '하나은행 하나 청년희망 적금(판매중단) 상품', '2022-01-01', '판매중단', 100000.00, 100000000.00, 5.0),
('P051_희망저축계좌I', '희망저축계좌I', '적금', '하나은행 희망저축계좌I 상품', '2022-01-01', '판매중', 100000.00, 100000000.00, 2.0),
('P052_근로소득장려금', '근로소득장려금', '기타', '하나은행 근로소득장려금 상품', '2022-01-01', '판매중', 100000.00, 100000000.00, 1.5),
('P053_희망저축계좌II', '희망저축계좌II', '적금', '하나은행 희망저축계좌II 상품', '2022-01-01', '판매중', 100000.00, 100000000.00, 2.0),
('P054_청년내일저축계좌', '청년내일저축계좌', '적금', '하나은행 청년내일저축계좌 상품', '2022-01-01', '판매중', 100000.00, 100000000.00, 2.0),
('P055_하나_나눔_적금판매중단', '하나 나눔 적금(판매중단)', '적금', '하나은행 하나 나눔 적금(판매중단) 상품', '2022-01-01', '판매중단', 100000.00, 100000000.00, 3.0),
('P056_Best_11_적금판매중단', 'Best 11 적금(판매중단)', '적금', '하나은행 Best 11 적금(판매중단) 상품', '2022-01-01', '판매중단', 100000.00, 100000000.00, 2.8),
('P057_부자씨_적금', '부자씨 적금', '적금', '하나은행 부자씨 적금 상품', '2022-01-01', '판매중', 100000.00, 100000000.00, 2.3),
('P058_하나_아이키움_적금', '하나 아이키움 적금', '적금', '하나은행 하나 아이키움 적금 상품', '2022-01-01', '판매중', 100000.00, 100000000.00, 2.0),
('P059_대전하나_축구사랑_적금', '대전하나 축구사랑 적금', '적금', '하나은행 대전하나 축구사랑 적금 상품', '2022-01-01', '판매중', 100000.00, 100000000.00, 1.8),
('P060_하나_청년도약계좌', '하나 청년도약계좌', '기타', '하나은행 하나 청년도약계좌 상품', '2022-01-01', '판매중', 100000.00, 100000000.00, 4.5),
('P061_대전시_미래두배_청년통장', '대전시 미래두배 청년통장', '적금', '하나은행 대전시 미래두배 청년통장 상품', '2022-01-01', '판매중', 100000.00, 100000000.00, 2.8),
('P062_청년주택드림청약통장', '청년주택드림청약통장', '대출', '하나은행 청년주택드림청약통장 상품', '2022-01-01', '판매중', 100000.00, 100000000.00, 0.0),
('P063_트래블로그_여행_적금', '트래블로그 여행 적금', '적금', '하나은행 트래블로그 여행 적금 상품', '2022-01-01', '판매중', 100000.00, 100000000.00, 1.8),
('P064_하나_청년도약플러스_적금', '하나 청년도약플러스 적금', '적금', '하나은행 하나 청년도약플러스 적금 상품', '2022-01-01', '판매중', 100000.00, 100000000.00, 4.0),
('P065_K리그우승_적금', '(K리그)우승 적금', '적금', '하나은행 (K리그)우승 적금 상품', '2022-01-01', '판매중', 100000.00, 100000000.00, 2.0),
('P066_달달하나_적금', '달달하나 적금', '적금', '하나은행 달달하나 적금 상품', '2022-01-01', '판매중', 100000.00, 100000000.00, 2.0),
('P067_하나_중소기업재직자_우대저축', '하나 중소기업재직자 우대저축', '적금', '하나은행 하나 중소기업재직자 우대저축 상품', '2022-01-01', '판매중', 100000.00, 100000000.00, 3.0),
('P068_하나더소호_가맹점_적금', '하나더소호 가맹점 적금', '적금', '하나은행 하나더소호 가맹점 적금 상품', '2022-01-01', '판매중', 100000.00, 100000000.00, 2.0),
('P069_하나더이지_적금', '하나더이지 적금', '적금', '하나은행 하나더이지 적금 상품', '2022-01-01', '판매중', 100000.00, 100000000.00, 2.0),
('P070_대한민국만세_80주년적금', '대한민국만세_80주년적금', '적금', '하나은행 대한민국만세_80주년적금 상품', '2022-01-01', '판매중', 100000.00, 100000000.00, 2.0),
('P071_오!_필승코리아_적금_2018판매중단', '오! 필승코리아 적금 2018(판매중단)', '적금', '하나은행 오! 필승코리아 적금 2018(판매중단) 상품', '2022-01-01', '판매중단', 100000.00, 100000000.00, 0.7),
('P072_시티즌_팬사랑_적금판매중단', '시티즌 팬사랑 적금(판매중단)', '적금', '하나은행 시티즌 팬사랑 적금(판매중단) 상품', '2022-01-01', '판매중단', 100000.00, 100000000.00, 1.3),
('P073_내맘_적금', '내맘 적금', '적금', '하나은행 내맘 적금 상품', '2022-01-01', '판매중', 100000.00, 100000000.00, 2.0),
('P074_하나머니세상_적금판매중단', '하나머니세상 적금(판매중단)', '적금', '하나은행 하나머니세상 적금(판매중단) 상품', '2022-01-01', '판매중단', 100000.00, 100000000.00, 0.4),
('P075_청년희망키움통장중앙자활센터판매중단', '청년희망키움통장(중앙자활센터)(판매중단)', '적금', '하나은행 청년희망키움통장(중앙자활센터)(판매중단) 상품', '2022-01-01', '판매중단', 100000.00, 100000000.00, 1.75),
('P076_대전시청년희망통장위탁기관', '대전시청년희망통장(위탁기관)', '적금', '하나은행 대전시청년희망통장(위탁기관) 상품', '2022-01-01', '판매중', 100000.00, 100000000.00, 1.6),
('P077_오늘은_얼마니?_적금판매중단', '오늘은 얼마니? 적금(판매중단)', '적금', '하나은행 오늘은 얼마니? 적금(판매중단) 상품', '2022-01-01', '판매중단', 100000.00, 100000000.00, 0.25),
('P078_도전_365_적금', '도전 365 적금', '적금', '하나은행 도전 365 적금 상품', '2022-01-01', '판매중', 100000.00, 100000000.00, 1.8),
('P079_자유적금', '자유적금', '적금', '하나은행 자유적금 상품', '2022-01-01', '판매중', 100000.00, 100000000.00, 1.9),
('P080_T핀크적금판매중단', 'T핀크적금(판매중단)', '적금', '하나은행 T핀크적금(판매중단) 상품', '2022-01-01', '판매중단', 100000.00, 100000000.00, 1.35),
('P081_하나된_평창_적금판매중단', '하나된 평창 적금(판매중단)', '적금', '하나은행 하나된 평창 적금(판매중단) 상품', '2022-01-01', '판매중단', 100000.00, 100000000.00, 0.85),
('P082_내집마련더블업적금', '내집마련더블업적금', '적금', '하나은행 내집마련더블업적금 상품', '2022-01-01', '판매중', 100000.00, 100000000.00, 2.25),
('P083_두리하나_적금판매중단', '두리하나 적금(판매중단)', '적금', '하나은행 두리하나 적금(판매중단) 상품', '2022-01-01', '판매중단', 100000.00, 100000000.00, 1.85),
('P084_K리그_팬사랑_적금판매중단', 'K리그 팬사랑 적금(판매중단)', '적금', '하나은행 K리그 팬사랑 적금(판매중단) 상품', '2022-01-01', '판매중단', 100000.00, 100000000.00, 1.1),
('P085_LPGA_팬사랑_적금판매중단', 'LPGA 팬사랑 적금(판매중단)', '적금', '하나은행 LPGA 팬사랑 적금(판매중단) 상품', '2022-01-01', '판매중단', 100000.00, 100000000.00, 1.1),
('P086_하나멤버스_주거래_우대적금판매중단', '하나멤버스 주거래 우대적금(판매중단)', '적금', '하나은행 하나멤버스 주거래 우대적금(판매중단) 상품', '2022-01-01', '판매중단', 100000.00, 100000000.00, 1.9),
('P087_Young_하나_적금판매중단', 'Young 하나 적금(판매중단)', '적금', '하나은행 Young 하나 적금(판매중단) 상품', '2022-01-01', '판매중단', 100000.00, 100000000.00, 0.65),
('P088_행복Together적금판매중단', '행복Together적금(판매중단)', '적금', '하나은행 행복Together적금(판매중단) 상품', '2022-01-01', '판매중단', 100000.00, 100000000.00, 0.85),
('P089_바보의_나눔_적금판매중단', '바보의 나눔 적금(판매중단)', '적금', '하나은행 바보의 나눔 적금(판매중단) 상품', '2022-01-01', '판매중단', 100000.00, 100000000.00, 0.85),
('P090_늘하나적금판매중단', '늘하나적금(판매중단)', '적금', '하나은행 늘하나적금(판매중단) 상품', '2022-01-01', '판매중단', 100000.00, 100000000.00, 0.75),
('P091_나라지킴이_적금판매중단', '나라지킴이 적금(판매중단)', '적금', '하나은행 나라지킴이 적금(판매중단) 상품', '2022-01-01', '판매중단', 100000.00, 100000000.00, 2.0),
('P092_아이_사랑해_적금판매중단', '(아이) 사랑해 적금(판매중단)', '적금', '하나은행 (아이) 사랑해 적금(판매중단) 상품', '2022-01-01', '판매중단', 100000.00, 100000000.00, 1.8),
('P093_오!_필승_코리아_적금_2016판매중', '오! 필승 코리아 적금 2016(판매중단)', '적금', '하나은행 오! 필승 코리아 적금 2016(판매중단) 상품', '2022-01-01', '판매중단', 100000.00, 100000000.00, 1.4),
('P094_119_생명지킴이_적금판매중단', '119 생명지킴이 적금(판매중단)', '적금', '하나은행 119 생명지킴이 적금(판매중단) 상품', '2022-01-01', '판매중단', 100000.00, 100000000.00, 1.6),
('P095_희망_키움_통장II___중앙자활센터판', '희망 키움 통장II - 중앙자활센터(판매중단)', '적금', '하나은행 희망 키움 통장II - 중앙자활센터(판매중단) 상품', '2022-01-01', '판매중단', 100000.00, 100000000.00, 1.5),
('P096_넘버엔월복리_적금판매중단', '넘버엔월복리 적금(판매중단)', '적금', '하나은행 넘버엔월복리 적금(판매중단) 상품', '2022-01-01', '판매중단', 100000.00, 100000000.00, 1.7),
('P097_씨크릿_적금판매중단', '씨크릿 적금(판매중단)', '적금', '하나은행 씨크릿 적금(판매중단) 상품', '2022-01-01', '판매중단', 100000.00, 100000000.00, 1.6),
('P098_윙고빙고_적금판매중단', '윙고빙고 적금(판매중단)', '적금', '하나은행 윙고빙고 적금(판매중단) 상품', '2022-01-01', '판매중단', 100000.00, 100000000.00, 1.4),
('P099_e_플러스_적금판매중단', 'e-플러스 적금(판매중단)', '적금', '하나은행 e-플러스 적금(판매중단) 상품', '2022-01-01', '판매중단', 100000.00, 100000000.00, 1.35),
('P100_Self_Gifting_셀프_기프팅_', 'Self-Gifting (셀프-기프팅) 적금(판매중단)', '적금', '하나은행 Self-Gifting (셀프-기프팅) 적금(판매중단) 상품', '2022-01-01', '판매중단', 100000.00, 100000000.00, 0.3),
('P101_Easy_One_Pack_이지원_팩_', 'Easy-One Pack (이지원 팩) 적금(판매중단)', '적금', '하나은행 Easy-One Pack (이지원 팩) 적금(판매중단) 상품', '2022-01-01', '판매중단', 100000.00, 100000000.00, 0.5),
('P102_함께하는_사랑_적금판매중단', '함께하는 사랑 적금(판매중단)', '적금', '하나은행 함께하는 사랑 적금(판매중단) 상품', '2022-01-01', '판매중단', 100000.00, 100000000.00, 1.0),
('P103_꿈나무_적금판매중단', '꿈나무 적금(판매중단)', '적금', '하나은행 꿈나무 적금(판매중단) 상품', '2022-01-01', '판매중단', 100000.00, 100000000.00, 2.65),
('P104_나의_소원_적금판매중단', '나의 소원 적금(판매중단)', '적금', '하나은행 나의 소원 적금(판매중단) 상품', '2022-01-01', '판매중단', 100000.00, 100000000.00, 0.65),
('P105_1004나눔_적금판매중단', '1004나눔 적금(판매중단)', '적금', '하나은행 1004나눔 적금(판매중단) 상품', '2022-01-01', '판매중단', 100000.00, 100000000.00, 1.3),
('P106_나이스_샷_골프_적금판매중단', '나이스 샷 골프 적금(판매중단)', '적금', '하나은행 나이스 샷 골프 적금(판매중단) 상품', '2022-01-01', '판매중단', 100000.00, 100000000.00, 0.75),
('P107_행복ㆍ건강_S_라인적금판매중단', '행복ㆍ건강 S-라인적금(판매중단)', '적금', '하나은행 행복ㆍ건강 S-라인적금(판매중단) 상품', '2022-01-01', '판매중단', 100000.00, 100000000.00, 0.8),
('P108_행복한_가족_적금판매중단', '행복한 가족 적금(판매중단)', '적금', '하나은행 행복한 가족 적금(판매중단) 상품', '2022-01-01', '판매중단', 100000.00, 100000000.00, 0.5),
('P109_순천만정원_사랑_적금판매중단', '순천만정원 사랑 적금(판매중단)', '적금', '하나은행 순천만정원 사랑 적금(판매중단) 상품', '2022-01-01', '판매중단', 100000.00, 100000000.00, 0.55),
('P110_행복나눔_적금판매중단', '행복나눔 적금(판매중단)', '적금', '하나은행 행복나눔 적금(판매중단) 상품', '2022-01-01', '판매중단', 100000.00, 100000000.00, 0.7),
('P111_하나_미소드림_적금', '하나 미소드림 적금', '적금', '하나은행 하나 미소드림 적금 상품', '2022-01-01', '판매중', 100000.00, 100000000.00, 3.6),
('P112_168_적금판매중단', '168 적금(판매중단)', '적금', '하나은행 168 적금(판매중단) 상품', '2022-01-01', '판매중단', 100000.00, 100000000.00, 0.9),
('P113_새희망_근로_적금판매중단', '새희망 근로 적금(판매중단)', '적금', '하나은행 새희망 근로 적금(판매중단) 상품', '2022-01-01', '판매중단', 100000.00, 100000000.00, 2.3),
('P114_희망키움_통장고객판매중단', '희망키움 통장(고객)(판매중단)', '적금', '하나은행 희망키움 통장(고객)(판매중단) 상품', '2022-01-01', '판매중단', 100000.00, 100000000.00, 2.0),
('P115_희망키움_통장중앙자활센터판매중단', '희망키움 통장(중앙자활센터)(판매중단)', '적금', '하나은행 희망키움 통장(중앙자활센터)(판매중단) 상품', '2022-01-01', '판매중단', 100000.00, 100000000.00, 1.5),
('P116_내일키움_통장고객판매중단', '내일키움 통장(고객)(판매중단)', '적금', '하나은행 내일키움 통장(고객)(판매중단) 상품', '2022-01-01', '판매중단', 100000.00, 100000000.00, 2.0),
('P117_내일키움_통장중앙자활센터판매중단', '내일키움 통장(중앙자활센터)(판매중단)', '적금', '하나은행 내일키움 통장(중앙자활센터)(판매중단) 상품', '2022-01-01', '판매중단', 100000.00, 100000000.00, 1.5),
('P118_희망_키움_통장II___고객판매중단', '희망 키움 통장II - 고객(판매중단)', '적금', '하나은행 희망 키움 통장II - 고객(판매중단) 상품', '2022-01-01', '판매중단', 100000.00, 100000000.00, 2.0),
('P119_미래_행복_통장개인', '미래 행복 통장(개인)', '적금', '하나은행 미래 행복 통장(개인) 상품', '2022-01-01', '판매중', 100000.00, 100000000.00, 2.5),
('P120_정기적금', '정기적금', '적금', '하나은행 정기적금 상품', '2022-01-01', '판매중', 100000.00, 100000000.00, 1.9),
('P121_상호부금', '상호부금', '기타', '하나은행 상호부금 상품', '2022-01-01', '판매중', 100000.00, 100000000.00, 1.65),
('P122_주택청약부금', '주택청약부금', '대출', '하나은행 주택청약부금 상품', '2022-01-01', '판매중', 100000.00, 100000000.00, 2.85),
('P123_주택청약종합저축', '주택청약종합저축', '대출', '하나은행 주택청약종합저축 상품', '2022-01-01', '판매중', 100000.00, 100000000.00, 0.0),
('P124_신비과세_장기저축판매중단', '신비과세 장기저축(판매중단)', '적금', '하나은행 신비과세 장기저축(판매중단) 상품', '2022-01-01', '판매중단', 100000.00, 100000000.00, 3.1),
('P125_신비과세_장기저축보너스형판매중단', '신비과세 장기저축(보너스형)(판매중단)', '적금', '하나은행 신비과세 장기저축(보너스형)(판매중단) 상품', '2022-01-01', '판매중단', 100000.00, 100000000.00, 3.1),
('P126_하나_My_Plan_비과세저축판매중단', '하나 My Plan 비과세저축(판매중단)', '적금', '하나은행 하나 My Plan 비과세저축(판매중단) 상품', '2022-01-01', '판매중단', 100000.00, 100000000.00, 3.1),
('P127_하나_비과세_복리적금판매중단', '하나 비과세 복리적금(판매중단)', '적금', '하나은행 하나 비과세 복리적금(판매중단) 상품', '2022-01-01', '판매중단', 100000.00, 100000000.00, 1.1),
('P128_장기주택마련저축판매중단', '장기주택마련저축(판매중단)', '대출', '하나은행 장기주택마련저축(판매중단) 상품', '2022-01-01', '판매중단', 100000.00, 100000000.00, 3.1),
('P129_부자되는_적금판매중단', '부자되는 적금(판매중단)', '적금', '하나은행 부자되는 적금(판매중단) 상품', '2022-01-01', '판매중단', 100000.00, 100000000.00, 0.4),
('P130_난_할_수_있어_적금2판매중단', '난 할 수 있어 적금2(판매중단)', '적금', '하나은행 난 할 수 있어 적금2(판매중단) 상품', '2022-01-01', '판매중단', 100000.00, 100000000.00, 0.7),
('P131_하나_와인처럼_적금판매중단', '하나 와인처럼 적금(판매중단)', '적금', '하나은행 하나 와인처럼 적금(판매중단) 상품', '2022-01-01', '판매중단', 100000.00, 100000000.00, 0.2),
('P132_하나_재형저축판매중단', '하나 재형저축(판매중단)', '적금', '하나은행 하나 재형저축(판매중단) 상품', '2022-01-01', '판매중단', 100000.00, 100000000.00, 3.15),
('P133_신재형저축판매중단', '신재형저축(판매중단)', '적금', '하나은행 신재형저축(판매중단) 상품', '2022-01-01', '판매중단', 100000.00, 100000000.00, 1.5),
('P134_내자녀_성공기_적금판매중단', '내자녀 성공기 적금(판매중단)', '적금', '하나은행 내자녀 성공기 적금(판매중단) 상품', '2022-01-01', '판매중단', 100000.00, 100000000.00, 1.6),
('P135_두리하나_정기예금판매중단', '두리하나 정기예금(판매중단)', '예금', '하나은행 두리하나 정기예금(판매중단) 상품', '2022-01-01', '판매중단', 100000.00, 100000000.00, 1.6),
('P136_황금드림_정기예금판매중단', '황금드림 정기예금(판매중단)', '예금', '하나은행 황금드림 정기예금(판매중단) 상품', '2022-01-01', '판매중단', 100000.00, 100000000.00, 1.2),
('P137_특판정기예금한시판매', '특판정기예금(한시판매)', '예금', '하나은행 특판정기예금(한시판매) 상품', '2022-01-01', '한시판매', 100000.00, 100000000.00, 1.02),
('P138_하나원큐_정기예금판매중단', '하나원큐 정기예금(판매중단)', '적금', '하나은행 하나원큐 정기예금(판매중단) 상품', '2022-01-01', '판매중단', 100000.00, 100000000.00, 1.15),
('P139_언제나청춘정기예금판매중단', '언제나청춘정기예금(판매중단)', '예금', '하나은행 언제나청춘정기예금(판매중단) 상품', '2022-01-01', '판매중단', 100000.00, 100000000.00, 0.9),
('P140_하나더예금판매중단', '하나더예금(판매중단)', '적금', '하나은행 하나더예금(판매중단) 상품', '2022-01-01', '판매중단', 100000.00, 100000000.00, 2.65),
('P141_하나의_정기예금', '하나의 정기예금', '예금', '하나은행 하나의 정기예금 상품', '2022-01-01', '판매중', 100000.00, 100000000.00, 1.8),
('P142_1년_연동형_정기예금보증보험용', '1년 연동형 정기예금(보증보험용)', '예금', '하나은행 1년 연동형 정기예금(보증보험용) 상품', '2022-01-01', '판매중', 100000.00, 100000000.00, 1.85),
('P143_행복Together정기예금판매중단', '행복Together정기예금(판매중단)', '적금', '하나은행 행복Together정기예금(판매중단) 상품', '2022-01-01', '판매중단', 100000.00, 100000000.00, 1.3),
('P144_오!_필승코리아_정기예금_2016판매', '오! 필승코리아 정기예금 2016(판매중단)', '예금', '하나은행 오! 필승코리아 정기예금 2016(판매중단) 상품', '2022-01-01', '판매중단', 100000.00, 100000000.00, 1.3),
('P145_리틀빅_정기예금판매중단', '리틀빅 정기예금(판매중단)', '예금', '하나은행 리틀빅 정기예금(판매중단) 상품', '2022-01-01', '판매중단', 100000.00, 100000000.00, 0.5),
('P146_하나된_평창_정기예금판매중단', '하나된 평창 정기예금(판매중단)', '예금', '하나은행 하나된 평창 정기예금(판매중단) 상품', '2022-01-01', '판매중단', 100000.00, 100000000.00, 0.85),
('P147_MMDA형_정기예금판매중단', 'MMDA형 정기예금(판매중단)', '예금', '하나은행 MMDA형 정기예금(판매중단) 상품', '2022-01-01', '판매중단', 100000.00, 100000000.00, 1.6),
('P148_행복knowhow_연금예금', '행복knowhow 연금예금', '적금', '하나은행 행복knowhow 연금예금 상품', '2022-01-01', '판매중', 100000.00, 100000000.00, 2.2),
('P149_N플러스_정기예금판매중단', 'N플러스 정기예금(판매중단)', '예금', '하나은행 N플러스 정기예금(판매중단) 상품', '2022-01-01', '판매중단', 100000.00, 100000000.00, 0.5),
('P150_Easy_One_Pack이지원_팩_정', 'Easy-One Pack(이지원 팩) 정기예금(판매중단)', '예금', '하나은행 Easy-One Pack(이지원 팩) 정기예금(판매중단) 상품', '2022-01-01', '판매중단', 100000.00, 100000000.00, 1.1),
('P151_e_플러스_정기예금판매중단', 'e-플러스 정기예금(판매중단)', '예금', '하나은행 e-플러스 정기예금(판매중단) 상품', '2022-01-01', '판매중단', 100000.00, 100000000.00, 0.25),
('P152_369_정기예금', '369 정기예금', '예금', '하나은행 369 정기예금 상품', '2022-01-01', '판매중', 100000.00, 100000000.00, 0.7),
('P153_펀드사랑_정기예금판매중단', '펀드사랑 정기예금(판매중단)', '예금', '하나은행 펀드사랑 정기예금(판매중단) 상품', '2022-01-01', '판매중단', 100000.00, 100000000.00, 1.2),
('P154_CD연동_정기예금판매중단', 'CD연동 정기예금(판매중단)', '예금', '하나은행 CD연동 정기예금(판매중단) 상품', '2022-01-01', '판매중단', 100000.00, 100000000.00, 0.2),
('P155_주택청약예금', '주택청약예금', '대출', '하나은행 주택청약예금 상품', '2022-01-01', '판매중', 100000.00, 100000000.00, 2.1),
('P156_주거래_정기예금판매중단', '주거래 정기예금(판매중단)', '적금', '하나은행 주거래 정기예금(판매중단) 상품', '2022-01-01', '판매중단', 100000.00, 100000000.00, 0.75),
('P157_하나머니세상_정기예금판매중단', '하나머니세상 정기예금(판매중단)', '예금', '하나은행 하나머니세상 정기예금(판매중단) 상품', '2022-01-01', '판매중단', 100000.00, 100000000.00, 0.2),
('P158_양도성_예금증서CD', '양도성 예금증서(CD)', '예금', '하나은행 양도성 예금증서(CD) 상품', '2022-01-01', '판매중', 100000.00, 100000000.00, 1.75),
('P159_고단위플러스_금리확정형', '고단위플러스-금리확정형', '기타', '하나은행 고단위플러스-금리확정형 상품', '2022-01-01', '판매중', 100000.00, 100000000.00, 1.7),
('P160_고단위플러스_금리연동형', '고단위플러스-금리연동형', '기타', '하나은행 고단위플러스-금리연동형 상품', '2022-01-01', '판매중', 100000.00, 100000000.00, 1.7),
('P161_빅팟BIGPOT_정기예금판매중단', '빅팟(BIGPOT) 정기예금(판매중단)', '예금', '하나은행 빅팟(BIGPOT) 정기예금(판매중단) 상품', '2022-01-01', '판매중단', 100000.00, 100000000.00, 1.8),
('P162_하도급대금협력통장', '하도급대금협력통장', '예금', '하나은행 하도급대금협력통장 상품', '2022-01-01', '판매중', 100000.00, 100000000.00, 0.1),
('P163_YES골드점프예금MMDA,_법인', 'YES골드점프예금(MMDA, 법인)', '예금', '하나은행 YES골드점프예금(MMDA, 법인) 상품', '2022-01-01', '판매중', 100000.00, 100000000.00, 0.0),
('P164_급여하나_통장', '급여하나 통장', '적금', '하나은행 급여하나 통장 상품', '2022-01-01', '판매중', 100000.00, 100000000.00, 0.1),
('P165_하나더넥스트_연금_통장', '하나더넥스트 연금 통장', '적금', '하나은행 하나더넥스트 연금 통장 상품', '2022-01-01', '판매중', 100000.00, 100000000.00, 0.1),
('P166_건설_하나로_통장', '건설 하나로 통장', '예금', '하나은행 건설 하나로 통장 상품', '2022-01-01', '판매중', 100000.00, 100000000.00, 0.1),
('P167_하나_주택연금_지킴이_통장', '하나 주택연금 지킴이 통장', '대출', '하나은행 하나 주택연금 지킴이 통장 상품', '2022-01-01', '판매중', 100000.00, 100000000.00, 0.1),
('P168_머니박스_통장_기본금리판매중단', '머니박스 통장 기본금리(판매중단)', '예금', '하나은행 머니박스 통장 기본금리(판매중단) 상품', '2022-01-01', '판매중단', 100000.00, 100000000.00, 0.1),
('P169_머니박스_통장_우대금리파킹_우대', '머니박스 통장 우대금리(파킹 우대)', '예금', '하나은행 머니박스 통장 우대금리(파킹 우대) 상품', '2022-01-01', '판매중', 100000.00, 100000000.00, 1.9),
('P170_머니박스_통장_우대금리파킹_플러스_우', '머니박스 통장 우대금리(파킹 플러스 우대)', '예금', '하나은행 머니박스 통장 우대금리(파킹 플러스 우대) 상품', '2022-01-01', '판매중', 100000.00, 100000000.00, 2.9),
('P171_네이버페이머니_하나통장', '네이버페이머니 하나통장', '예금', '하나은행 네이버페이머니 하나통장 상품', '2022-01-01', '판매중', 100000.00, 100000000.00, 0.1),
('P172_경기기회사다리_통장', '경기기회사다리 통장', '예금', '하나은행 경기기회사다리 통장 상품', '2022-01-01', '판매중', 100000.00, 100000000.00, 0.1),
('P173_쿠팡_셀러_통장', '쿠팡 셀러 통장', '예금', '하나은행 쿠팡 셀러 통장 상품', '2022-01-01', '판매중', 100000.00, 100000000.00, 0.1),
('P174_당근머니_하나_통장', '당근머니 하나 통장', '예금', '하나은행 당근머니 하나 통장 상품', '2022-01-01', '판매중', 100000.00, 100000000.00, 0.1),
('P175_달달_하나_통장', '달달 하나 통장', '예금', '하나은행 달달 하나 통장 상품', '2022-01-01', '판매중', 100000.00, 100000000.00, 0.1),
('P176_지역장려금_하나통장', '(지역장려금) 하나통장', '예금', '하나은행 (지역장려금) 하나통장 상품', '2022-01-01', '판매중', 100000.00, 100000000.00, 0.1),
('P177_하나된_평창_통장판매중단', '하나된 평창 통장(판매중단)', '예금', '하나은행 하나된 평창 통장(판매중단) 상품', '2022-01-01', '판매중단', 100000.00, 100000000.00, 0.1),
('P178_KEb하나_보증서_담보대출_입금전용계', 'KEb하나 보증서 담보대출 입금전용계좌', '대출', '하나은행 KEb하나 보증서 담보대출 입금전용계좌 상품', '2022-01-01', '판매중', 100000.00, 100000000.00, 0.1),
('P179_주거래하나_통장', '주거래하나 통장', '적금', '하나은행 주거래하나 통장 상품', '2022-01-01', '판매중', 100000.00, 100000000.00, 0.1),
('P180_하나_군인연금_평생안심통장', '하나 군인연금 평생안심통장', '적금', '하나은행 하나 군인연금 평생안심통장 상품', '2022-01-01', '판매중', 100000.00, 100000000.00, 0.1),
('P181_영하나플러스_통장', '영하나플러스 통장', '예금', '하나은행 영하나플러스 통장 상품', '2022-01-01', '판매중', 100000.00, 100000000.00, 0.1),
('P182_보통예금', '보통예금', '예금', '하나은행 보통예금 상품', '2022-01-01', '판매중', 100000.00, 100000000.00, 0.1),
('P183_저축예금', '저축예금', '적금', '하나은행 저축예금 상품', '2022-01-01', '판매중', 100000.00, 100000000.00, 0.1),
('P184_기업자유예금', '기업자유예금', '예금', '하나은행 기업자유예금 상품', '2022-01-01', '판매중', 100000.00, 100000000.00, 0.1),
('P185_가계당좌예금', '가계당좌예금', '예금', '하나은행 가계당좌예금 상품', '2022-01-01', '판매중', 100000.00, 100000000.00, 0.1),
('P186_수퍼플러스MMDA,_개인', '수퍼플러스(MMDA, 개인)', '기타', '하나은행 수퍼플러스(MMDA, 개인) 상품', '2022-01-01', '판매중', 100000.00, 100000000.00, 0.0),
('P187_수퍼플러스MMDA,_법인', '수퍼플러스(MMDA, 법인)', '기타', '하나은행 수퍼플러스(MMDA, 법인) 상품', '2022-01-01', '판매중', 100000.00, 100000000.00, 0.0),
('P188_행복knowhow_주거래_우대통장판매', '행복knowhow 주거래 우대통장(판매중단)', '적금', '하나은행 행복knowhow 주거래 우대통장(판매중단) 상품', '2022-01-01', '판매중단', 100000.00, 100000000.00, 1.0),
('P189_하나멤버스_주거래통장판매중단', '하나멤버스 주거래통장(판매중단)', '적금', '하나은행 하나멤버스 주거래통장(판매중단) 상품', '2022-01-01', '판매중단', 100000.00, 100000000.00, 0.1),
('P190_119생명지킴이_통장_II판매중단', '119생명지킴이 통장 II(판매중단)', '예금', '하나은행 119생명지킴이 통장 II(판매중단) 상품', '2022-01-01', '판매중단', 100000.00, 100000000.00, 0.1),
('P191_뱅크월렛_카카오통장판매중단', '뱅크월렛 카카오통장(판매중단)', '예금', '하나은행 뱅크월렛 카카오통장(판매중단) 상품', '2022-01-01', '판매중단', 100000.00, 100000000.00, 0.5),
('P192_힘내라!_직장인_우대_통장판매중단', '힘내라! 직장인 우대 통장(판매중단)', '예금', '하나은행 힘내라! 직장인 우대 통장(판매중단) 상품', '2022-01-01', '판매중단', 100000.00, 100000000.00, 1.0),
('P193_하나_플러스_통장', '하나 플러스 통장', '예금', '하나은행 하나 플러스 통장 상품', '2022-01-01', '판매중', 100000.00, 100000000.00, 0.1),
('P194_사업자_주거래_우대통장', '사업자 주거래 우대통장', '대출', '하나은행 사업자 주거래 우대통장 상품', '2022-01-01', '판매중', 100000.00, 100000000.00, 0.1),
('P195_SK텔레콤_통신비_결제통장판매중단', 'SK텔레콤 통신비 결제통장(판매중단)', '예금', '하나은행 SK텔레콤 통신비 결제통장(판매중단) 상품', '2022-01-01', '판매중단', 100000.00, 100000000.00, 0.5),
('P196_바보의_나눔_통장', '바보의 나눔 통장', '예금', '하나은행 바보의 나눔 통장 상품', '2022-01-01', '판매중', 100000.00, 100000000.00, 0.1),
('P197_WINGO윙고_통장판매중단', 'WINGO(윙고) 통장(판매중단)', '예금', '하나은행 WINGO(윙고) 통장(판매중단) 상품', '2022-01-01', '판매중단', 100000.00, 100000000.00, 0.1),
('P198_Easy_One_Pack_이지원_팩_', 'Easy-One Pack (이지원 팩) 통장', '예금', '하나은행 Easy-One Pack (이지원 팩) 통장 상품', '2022-01-01', '판매중', 100000.00, 100000000.00, 0.1),
('P199_행복나눔_통장', '행복나눔 통장', '적금', '하나은행 행복나눔 통장 상품', '2022-01-01', '판매중', 100000.00, 100000000.00, 0.1),
('P200_119_생명지킴이_통장판매중단', '119 생명지킴이 통장(판매중단)', '예금', '하나은행 119 생명지킴이 통장(판매중단) 상품', '2022-01-01', '판매중단', 100000.00, 100000000.00, 1.0),
('P201_BIGPOT_통장판매중단', 'BIGPOT 통장(판매중단)', '예금', '하나은행 BIGPOT 통장(판매중단) 상품', '2022-01-01', '판매중단', 100000.00, 100000000.00, 0.1),
('P202_168_통장판매중단', '168 통장(판매중단)', '예금', '하나은행 168 통장(판매중단) 상품', '2022-01-01', '판매중단', 100000.00, 100000000.00, 0.1),
('P203_함께하는_사랑_통장', '함께하는 사랑 통장', '예금', '하나은행 함께하는 사랑 통장 상품', '2022-01-01', '판매중', 100000.00, 100000000.00, 0.1),
('P204_하나_희망지킴이_통장판매중단', '하나 희망지킴이 통장(판매중단)', '적금', '하나은행 하나 희망지킴이 통장(판매중단) 상품', '2022-01-01', '판매중단', 100000.00, 100000000.00, 0.5),
('P205_하나_국민연금_안심통장', '하나 국민연금 안심통장', '적금', '하나은행 하나 국민연금 안심통장 상품', '2022-01-01', '판매중', 100000.00, 100000000.00, 0.5),
('P206_하나_공무원연금_안심통장', '하나 공무원연금 안심통장', '적금', '하나은행 하나 공무원연금 안심통장 상품', '2022-01-01', '판매중', 100000.00, 100000000.00, 0.5),
('P207_하나_퇴직공제금_지킴이_통장판매중단', '하나 퇴직공제금 지킴이 통장(판매중단)', '예금', '하나은행 하나 퇴직공제금 지킴이 통장(판매중단) 상품', '2022-01-01', '판매중단', 100000.00, 100000000.00, 0.5),
('P208_하나_행복지킴이_통장', '하나 행복지킴이 통장', '적금', '하나은행 하나 행복지킴이 통장 상품', '2022-01-01', '판매중', 100000.00, 100000000.00, 0.1),
('P209_사학연금평생안심통장', '사학연금평생안심통장', '적금', '하나은행 사학연금평생안심통장 상품', '2022-01-01', '판매중', 100000.00, 100000000.00, 0.5),
('P210_Young_하나_통장판매중단', 'Young 하나 통장(판매중단)', '예금', '하나은행 Young 하나 통장(판매중단) 상품', '2022-01-01', '판매중단', 100000.00, 100000000.00, 0.1),
('P211_모임통장', '모임통장', '예금', '하나은행 모임통장 상품', '2022-01-01', '판매중', 100000.00, 100000000.00, 0.1),
('P212_YES점프예금MMDA,개인판매중단', 'YES점프예금(MMDA,개인)(판매중단)', '예금', '하나은행 YES점프예금(MMDA,개인)(판매중단) 상품', '2022-01-01', '판매중단', 100000.00, 100000000.00, 0.0),
('P213_YES점프예금MMDA,법인판매중단', 'YES점프예금(MMDA,법인)(판매중단)', '예금', '하나은행 YES점프예금(MMDA,법인)(판매중단) 상품', '2022-01-01', '판매중단', 100000.00, 100000000.00, 0.0),
('P214_하나_관리비_통장판매중단', '하나 관리비 통장(판매중단)', '예금', '하나은행 하나 관리비 통장(판매중단) 상품', '2022-01-01', '판매중단', 100000.00, 100000000.00, 0.1),
('P215_하나_기부금_통장판매중단', '하나 기부금 통장(판매중단)', '예금', '하나은행 하나 기부금 통장(판매중단) 상품', '2022-01-01', '판매중단', 100000.00, 100000000.00, 0.5),
('P216_하나_여우_통장판매중단', '하나 여우 통장(판매중단)', '예금', '하나은행 하나 여우 통장(판매중단) 상품', '2022-01-01', '판매중단', 100000.00, 100000000.00, 0.1),
('P217_하나_피스컵지원_통장판매중단', '하나 피스컵지원 통장(판매중단)', '예금', '하나은행 하나 피스컵지원 통장(판매중단) 상품', '2022-01-01', '판매중단', 100000.00, 100000000.00, 0.1),
('P218_기아차통장판매중단', '기아차통장(판매중단)', '예금', '하나은행 기아차통장(판매중단) 상품', '2022-01-01', '판매중단', 100000.00, 100000000.00, 0.1),
('P219_부자되는_연금통장하나_행복연금통장판매', '부자되는 연금통장(하나 행복연금통장)(판매중단)', '적금', '하나은행 부자되는 연금통장(하나 행복연금통장)(판매중단) 상품', '2022-01-01', '판매중단', 100000.00, 100000000.00, 0.0),
('P220_부자되는_사장님_통장판매중단', '부자되는 사장님 통장(판매중단)', '예금', '하나은행 부자되는 사장님 통장(판매중단) 상품', '2022-01-01', '판매중단', 100000.00, 100000000.00, 0.1),
('P221_하나_빅팟_슈퍼_월급통장판매중단', '하나 빅팟 슈퍼 월급통장(판매중단)', '예금', '하나은행 하나 빅팟 슈퍼 월급통장(판매중단) 상품', '2022-01-01', '판매중단', 100000.00, 100000000.00, 0.1),
('P222_하나원큐아파트론혼합', '하나원큐아파트론(혼합)', '대출', '하나은행 하나원큐아파트론(혼합) 상품', '2022-01-01', '판매중', 100000.00, 100000000.00, 3.484),
('P223_하나원큐아파트론변동', '하나원큐아파트론(변동)', '대출', '하나은행 하나원큐아파트론(변동) 상품', '2022-01-01', '판매중', 100000.00, 100000000.00, 4.017),
('P224_하나원큐주택담보대출혼합', '하나원큐주택담보대출(혼합)', '대출', '하나은행 하나원큐주택담보대출(혼합) 상품', '2022-01-01', '판매중', 100000.00, 100000000.00, 3.684),
('P225_하나원큐주택담보대출변동', '하나원큐주택담보대출(변동)', '대출', '하나은행 하나원큐주택담보대출(변동) 상품', '2022-01-01', '판매중', 100000.00, 100000000.00, 4.217),
('P226_하나_혼합금리_모기지론', '하나 혼합금리 모기지론', '대출', '하나은행 하나 혼합금리 모기지론 상품', '2022-01-01', '판매중', 100000.00, 100000000.00, 4.239),
('P227_하나_변동금리_모기지론', '하나 변동금리 모기지론', '대출', '하나은행 하나 변동금리 모기지론 상품', '2022-01-01', '판매중', 100000.00, 100000000.00, 4.19),
('P228_하나_주택담보대출_갈아타기혼합', '하나 주택담보대출 갈아타기(혼합)', '대출', '하나은행 하나 주택담보대출 갈아타기(혼합) 상품', '2022-01-01', '판매중', 100000.00, 100000000.00, 3.764),
('P229_하나_주택담보대출_갈아타기변동', '하나 주택담보대출 갈아타기(변동)', '대출', '하나은행 하나 주택담보대출 갈아타기(변동) 상품', '2022-01-01', '판매중', 100000.00, 100000000.00, 4.317),
('P230_하나_주거용_오피스텔담보대출_갈아타기', '하나 주거용 오피스텔담보대출 갈아타기(변동)', '대출', '하나은행 하나 주거용 오피스텔담보대출 갈아타기(변동) 상품', '2022-01-01', '판매중', 100000.00, 100000000.00, 4.837),
('P231_의료인_보증서_담보대출', '의료인 보증서 담보대출', '대출', '하나은행 의료인 보증서 담보대출 상품', '2022-01-01', '판매중', 100000.00, 100000000.00, 4.585),
('P232_e의료인_보증서_담보대출', 'e의료인 보증서 담보대출', '대출', '하나은행 e의료인 보증서 담보대출 상품', '2022-01-01', '판매중', 100000.00, 100000000.00, 4.585),
('P233_하나햇살론뱅크', '하나햇살론뱅크', '대출', '하나은행 하나햇살론뱅크 상품', '2022-01-01', '판매중', 100000.00, 100000000.00, 6.144),
('P234_하나원큐비상금대출', '하나원큐비상금대출', '대출', '하나은행 하나원큐비상금대출 상품', '2022-01-01', '판매중', 100000.00, 100000000.00, 4.238),
('P235_하나_주거용_오피스텔담보대출MCI/M', '하나 주거용 오피스텔담보대출(MCI/MCG)', '대출', '하나은행 하나 주거용 오피스텔담보대출(MCI/MCG) 상품', '2022-01-01', '판매중', 100000.00, 100000000.00, 4.798),
('P236_보증보험담보대출', '보증보험담보대출', '대출', '하나은행 보증보험담보대출 상품', '2022-01-01', '판매중', 100000.00, 100000000.00, 4.578),
('P237_1Q오토론,EV오토론', '1Q오토론,EV오토론', '대출', '하나은행 1Q오토론,EV오토론 상품', '2022-01-01', '판매중', 100000.00, 100000000.00, 4.578),
('P238_하나_인테리어대출', '하나 인테리어대출', '대출', '하나은행 하나 인테리어대출 상품', '2022-01-01', '판매중', 100000.00, 100000000.00, 4.847),
('P239_하나_역모기지론', '하나 역모기지론', '대출', '하나은행 하나 역모기지론 상품', '2022-01-01', '판매중', 100000.00, 100000000.00, 3.477),
('P240_예금담보대출', '예금담보대출', '대출', '하나은행 예금담보대출 상품', '2022-01-01', '판매중', 100000.00, 100000000.00, 0.0),
('P241_유동화적격_대출', '유동화적격 대출', '대출', '하나은행 유동화적격 대출 상품', '2022-01-01', '판매중', 100000.00, 100000000.00, 0.0),
('P242_폐업지원대환대출_주택', '폐업지원대환대출_주택', '대출', '하나은행 폐업지원대환대출_주택 상품', '2022-01-01', '판매중', 100000.00, 100000000.00, 5.497),
('P243_페업지원대환대출_오피스텔', '페업지원대환대출_오피스텔', '대출', '하나은행 페업지원대환대출_오피스텔 상품', '2022-01-01', '판매중', 100000.00, 100000000.00, 5.705),
('P244_폐업지원대환대출_기타부동산', '폐업지원대환대출_기타부동산', '대출', '하나은행 폐업지원대환대출_기타부동산 상품', '2022-01-01', '판매중', 100000.00, 100000000.00, 5.705),
('P245_하나원큐신용대출우량', '하나원큐신용대출(우량)', '대출', '하나은행 하나원큐신용대출(우량) 상품', '2022-01-01', '판매중', 100000.00, 100000000.00, 4.025),
('P246_하나원큐신용대출일반', '하나원큐신용대출(일반)', '대출', '하나은행 하나원큐신용대출(일반) 상품', '2022-01-01', '판매중', 100000.00, 100000000.00, 4.835),
('P247_하나원큐신용대출중금리', '하나원큐신용대출(중금리)', '대출', '하나은행 하나원큐신용대출(중금리) 상품', '2022-01-01', '판매중', 100000.00, 100000000.00, 6.005),
('P248_하나원큐신용대출_갈아타기우량', '하나원큐신용대출 갈아타기(우량)', '대출', '하나은행 하나원큐신용대출 갈아타기(우량) 상품', '2022-01-01', '판매중', 100000.00, 100000000.00, 3.935),
('P249_하나원큐_연금대출', '하나원큐 연금대출', '대출', '하나은행 하나원큐 연금대출 상품', '2022-01-01', '판매중', 100000.00, 100000000.00, 4.275),
('P250_하나주거래대출M', '하나주거래대출(M)', '대출', '하나은행 하나주거래대출(M) 상품', '2022-01-01', '판매중', 100000.00, 100000000.00, 4.485),
('P251_씨티갈아타기대출', '씨티갈아타기대출', '대출', '하나은행 씨티갈아타기대출 상품', '2022-01-01', '판매중', 100000.00, 100000000.00, 3.755),
('P252_하나원큐새희망홀씨II', '하나원큐새희망홀씨II', '적금', '하나은행 하나원큐새희망홀씨II 상품', '2022-01-01', '판매중', 100000.00, 100000000.00, 4.328),
('P253_하나_새희망홀씨II', '하나 새희망홀씨II', '적금', '하나은행 하나 새희망홀씨II 상품', '2022-01-01', '판매중', 100000.00, 100000000.00, 3.138),
('P254_프리미엄직장인론,공무원클럽대출', '프리미엄직장인론,공무원클럽대출', '대출', '하나은행 프리미엄직장인론,공무원클럽대출 상품', '2022-01-01', '판매중', 100000.00, 100000000.00, 5.388),
('P255_닥터클럽대출골드', '닥터클럽대출(골드)', '대출', '하나은행 닥터클럽대출(골드) 상품', '2022-01-01', '판매중', 100000.00, 100000000.00, 5.338),
('P256_로이어클럽대출', '로이어클럽대출', '대출', '하나은행 로이어클럽대출 상품', '2022-01-01', '판매중', 100000.00, 100000000.00, 5.338),
('P257_전문직클럽대출', '전문직클럽대출', '대출', '하나은행 전문직클럽대출 상품', '2022-01-01', '판매중', 100000.00, 100000000.00, 5.338),
('P258_하나수의사클럽대출', '하나수의사클럽대출', '대출', '하나은행 하나수의사클럽대출 상품', '2022-01-01', '판매중', 100000.00, 100000000.00, 5.388),
('P259_의료인클럽대출', '의료인클럽대출', '대출', '하나은행 의료인클럽대출 상품', '2022-01-01', '판매중', 100000.00, 100000000.00, 5.688),
('P260_BEST신용대출', 'BEST신용대출', '대출', '하나은행 BEST신용대출 상품', '2022-01-01', '판매중', 100000.00, 100000000.00, 5.388),
('P261_행복연금대출', '행복연금대출', '대출', '하나은행 행복연금대출 상품', '2022-01-01', '판매중', 100000.00, 100000000.00, 4.488),
('P262_CSS대출', 'CSS대출', '대출', '하나은행 CSS대출 상품', '2022-01-01', '판매중', 100000.00, 100000000.00, 5.688),
('P263_공무원연금수급권자대출', '공무원연금수급권자대출', '대출', '하나은행 공무원연금수급권자대출 상품', '2022-01-01', '판매중', 100000.00, 100000000.00, 5.688),
('P264_군인생활안정자금대출', '군인생활안정자금대출', '대출', '하나은행 군인생활안정자금대출 상품', '2022-01-01', '판매중', 100000.00, 100000000.00, 5.688),
('P265_원큐공무원가계자금대출', '원큐공무원가계자금대출', '대출', '하나은행 원큐공무원가계자금대출 상품', '2022-01-01', '판매중', 100000.00, 100000000.00, 3.516),
('P266_군인공제회_퇴직급여_적립금대출M', '군인공제회 퇴직급여 적립금대출(M)', '대출', '하나은행 군인공제회 퇴직급여 적립금대출(M) 상품', '2022-01-01', '판매중', 100000.00, 100000000.00, 3.58),
('P267_폐업지원대환대출_신용_1억원초과', '폐업지원대환대출_신용_1억원초과', '대출', '하나은행 폐업지원대환대출_신용_1억원초과 상품', '2022-01-01', '판매중', 100000.00, 100000000.00, 6.595),
('P268_핀크생활비대출', '핀크생활비대출', '대출', '하나은행 핀크생활비대출 상품', '2022-01-01', '판매중', 100000.00, 100000000.00, 5.335),
('P269_주택신보위탁발행보증서담보대출', '주택신보위탁발행보증서담보대출', '대출', '하나은행 주택신보위탁발행보증서담보대출 상품', '2022-01-01', '판매중', 100000.00, 100000000.00, 4.11),
('P270_신혼부부전세론,다둥이전세론,복지지킴이', '신혼부부전세론,다둥이전세론,복지지킴이전세론,한사랑전세론', '대출', '하나은행 신혼부부전세론,다둥이전세론,복지지킴이전세론,한사랑전세론 상품', '2022-01-01', '판매중', 100000.00, 100000000.00, 4.25),
('P271_우량주택전세론', '우량주택전세론', '대출', '하나은행 우량주택전세론 상품', '2022-01-01', '판매중', 100000.00, 100000000.00, 4.43),
('P272_하나_전세금안심대출', '하나 전세금안심대출', '대출', '하나은행 하나 전세금안심대출 상품', '2022-01-01', '판매중', 100000.00, 100000000.00, 4.61),
('P273_하나_부분분할상환_전세론', '하나 부분분할상환 전세론', '대출', '하나은행 하나 부분분할상환 전세론 상품', '2022-01-01', '판매중', 100000.00, 100000000.00, 4.4),
('P274_목돈_안드는_행복전세', '목돈 안드는 행복전세', '대출', '하나은행 목돈 안드는 행복전세 상품', '2022-01-01', '판매중', 100000.00, 100000000.00, 4.05),
('P275_주택신보_전세자금대출_갈아타기', '주택신보 전세자금대출 갈아타기', '대출', '하나은행 주택신보 전세자금대출 갈아타기 상품', '2022-01-01', '판매중', 100000.00, 100000000.00, 3.908),
('P276_신혼부부전세론_갈아타기', '신혼부부전세론 갈아타기', '대출', '하나은행 신혼부부전세론 갈아타기 상품', '2022-01-01', '판매중', 100000.00, 100000000.00, 3.748),
('P277_다둥이전세론_갈아타기', '다둥이전세론 갈아타기', '대출', '하나은행 다둥이전세론 갈아타기 상품', '2022-01-01', '판매중', 100000.00, 100000000.00, 3.748),
('P278_우량주택전세론_갈아타기', '우량주택전세론 갈아타기', '대출', '하나은행 우량주택전세론 갈아타기 상품', '2022-01-01', '판매중', 100000.00, 100000000.00, 3.978),
('P279_전세금안심대출_갈아타기', '전세금안심대출 갈아타기', '대출', '하나은행 전세금안심대출 갈아타기 상품', '2022-01-01', '판매중', 100000.00, 100000000.00, 3.898),
('P280_하나_전세금안심대출M_P', '하나 전세금안심대출(M_P)', '대출', '하나은행 하나 전세금안심대출(M_P) 상품', '2022-01-01', '판매중', 100000.00, 100000000.00, 3.908),
('P281_서울특별시_청년_임차보증금대출M', '서울특별시 청년 임차보증금대출(M)', '대출', '하나은행 서울특별시 청년 임차보증금대출(M) 상품', '2022-01-01', '판매중', 100000.00, 100000000.00, 4.08),
('P282_군간부전세자금대출기본M', '군간부전세자금대출(기본)(M)', '대출', '하나은행 군간부전세자금대출(기본)(M) 상품', '2022-01-01', '판매중', 100000.00, 100000000.00, 4.18);

-- ProductRate 테이블 삽입
INSERT INTO ProductRate (RateID, ProductID, Period, BaseRate, BonusRate, TotalRate, MinAmount, MaxAmount) VALUES
('R042_01', 'P042_하나단체적금판매중단', '1년', 1.0, 0.000, 1.0, 100000.00, 100000000.00),
('R043_01', 'P043_펫사랑_적금', '1년', 2.3, 0.000, 2.3, 100000.00, 100000000.00),
('R044_01', 'P044_하나일리있는적금판매중단', '1년', 0.8, 0.000, 0.8, 100000.00, 100000000.00),
('R045_01', 'P045_하나의_여행_적금판매중단', '1년', 3.3, 0.000, 3.3, 100000.00, 100000000.00),
('R046_01', 'P046_태아_사랑하나_적금판매중단', '1년', 1.0, 0.000, 1.0, 100000.00, 100000000.00),
('R047_01', 'P047_하나_타이밍_적금', '1개월~6개월', 2.7, 0.000, 2.7, 100000.00, 100000000.00),
('R048_01', 'P048_하나_합_적금판매중단', '1년', 2.1, 0.000, 2.1, 100000.00, 100000000.00),
('R049_01', 'P049_에너지_챌린지_적금판매중단', '1년', 1.3, 0.000, 1.3, 100000.00, 100000000.00),
('R050_01', 'P050_하나_청년희망_적금판매중단', '2년', 5.0, 0.000, 5.0, 100000.00, 100000000.00),
('R051_01', 'P051_희망저축계좌I', '3년', 2.0, 0.000, 2.0, 100000.00, 100000000.00),
('R052_01', 'P052_근로소득장려금', '6년', 1.5, 0.000, 1.5, 100000.00, 100000000.00),
('R053_01', 'P053_희망저축계좌II', '3년', 2.0, 0.000, 2.0, 100000.00, 100000000.00),
('R054_01', 'P054_청년내일저축계좌', '3년', 2.0, 0.000, 2.0, 100000.00, 100000000.00),
('R055_01', 'P055_하나_나눔_적금판매중단', '1년', 3.0, 0.000, 3.0, 100000.00, 100000000.00),
('R056_01', 'P056_Best_11_적금판매중단', '6개월', 2.8, 0.000, 2.8, 100000.00, 100000000.00),
('R057_01', 'P057_부자씨_적금', '1년', 2.3, 0.000, 2.3, 100000.00, 100000000.00),
('R058_01', 'P058_하나_아이키움_적금', '1년', 2.0, 0.000, 2.0, 100000.00, 100000000.00),
('R059_01', 'P059_대전하나_축구사랑_적금', '1년', 1.8, 0.000, 1.8, 100000.00, 100000000.00),
('R060_01', 'P060_하나_청년도약계좌', '5년', 4.5, 0.000, 4.5, 100000.00, 100000000.00),
('R061_01', 'P061_대전시_미래두배_청년통장', '2년', 2.8, 0.000, 2.8, 100000.00, 100000000.00),
('R061_02', 'P061_대전시_미래두배_청년통장', '3년', 2.8, 0.000, 2.8, 100000.00, 100000000.00),
('R063_01', 'P063_트래블로그_여행_적금', '3개월이상~6개월미만', 1.8, 0.000, 1.8, 100000.00, 100000000.00),
('R063_02', 'P063_트래블로그_여행_적금', '6개월이상~12개월이하', 2.4, 0.000, 2.4, 100000.00, 100000000.00),
('R064_01', 'P064_하나_청년도약플러스_적금', '1년', 4.0, 0.000, 4.0, 100000.00, 100000000.00),
('R065_01', 'P065_K리그우승_적금', '3개월이상~12개월이하', 2.0, 0.000, 2.0, 100000.00, 100000000.00),
('R066_01', 'P066_달달하나_적금', '1년', 2.0, 0.000, 2.0, 100000.00, 100000000.00),
('R067_01', 'P067_하나_중소기업재직자_우대저축', '36개월', 3.0, 0.000, 3.0, 100000.00, 100000000.00),
('R067_02', 'P067_하나_중소기업재직자_우대저축', '60개월', 2.5, 0.000, 2.5, 100000.00, 100000000.00),
('R068_01', 'P068_하나더소호_가맹점_적금', '1년', 2.0, 0.000, 2.0, 100000.00, 100000000.00),
('R069_01', 'P069_하나더이지_적금', '1년', 2.0, 0.000, 2.0, 100000.00, 100000000.00),
('R070_01', 'P070_대한민국만세_80주년적금', '1년', 2.0, 0.000, 2.0, 100000.00, 100000000.00),
('R071_01', 'P071_오!_필승코리아_적금_2018판매중단', '12개월~23개월', 0.7, 0.000, 0.7, 100000.00, 100000000.00),
('R071_02', 'P071_오!_필승코리아_적금_2018판매중단', '24개월~35개월', 0.8, 0.000, 0.8, 100000.00, 100000000.00),
('R071_03', 'P071_오!_필승코리아_적금_2018판매중단', '36개월', 0.9, 0.000, 0.9, 100000.00, 100000000.00),
('R072_01', 'P072_시티즌_팬사랑_적금판매중단', '1년', 1.3, 0.000, 1.3, 100000.00, 100000000.00),
('R073_01', 'P073_내맘_적금', '6개월이상~7개월미만', 2.0, 0.000, 2.0, 100000.00, 100000000.00),
('R073_02', 'P073_내맘_적금', '7개월이상~13개월미만', 2.1, 0.000, 2.1, 100000.00, 100000000.00),
('R073_03', 'P073_내맘_적금', '13개월이상~25개월미만', 2.2, 0.000, 2.2, 100000.00, 100000000.00),
('R073_04', 'P073_내맘_적금', '25개월이상~37개월미만', 2.3, 0.000, 2.3, 100000.00, 100000000.00),
('R073_05', 'P073_내맘_적금', '37개월이상~60개월이하', 2.4, 0.000, 2.4, 100000.00, 100000000.00),
('R074_01', 'P074_하나머니세상_적금판매중단', '6개월이상12개월미만', 0.4, 0.000, 0.4, 100000.00, 100000000.00),
('R074_02', 'P074_하나머니세상_적금판매중단', '1년', 0.4, 0.000, 0.4, 100000.00, 100000000.00),
('R075_01', 'P075_청년희망키움통장중앙자활센터판매중단', '72개월', 1.75, 0.000, 1.75, 100000.00, 100000000.00),
('R076_01', 'P076_대전시청년희망통장위탁기관', '60개월', 1.6, 0.000, 1.6, 100000.00, 100000000.00),
('R077_01', 'P077_오늘은_얼마니?_적금판매중단', '6개월', 0.25, 0.000, 0.25, 100000.00, 100000000.00),
('R077_02', 'P077_오늘은_얼마니?_적금판매중단', '12개월이상~23개월이하', 0.45, 0.000, 0.45, 100000.00, 100000000.00),
('R077_03', 'P077_오늘은_얼마니?_적금판매중단', '24개월이상~35개월이하', 0.55, 0.000, 0.55, 100000.00, 100000000.00),
('R077_04', 'P077_오늘은_얼마니?_적금판매중단', '36개월', 0.65, 0.000, 0.65, 100000.00, 100000000.00),
('R078_01', 'P078_도전_365_적금', '1년', 1.8, 0.000, 1.8, 100000.00, 100000000.00),
('R079_01', 'P079_자유적금', '6개월 이상', 1.9, 0.000, 1.9, 100000.00, 100000000.00),
('R079_02', 'P079_자유적금', '1년 이상', 2.0, 0.000, 2.0, 100000.00, 100000000.00),
('R079_03', 'P079_자유적금', '2년 이상', 2.1, 0.000, 2.1, 100000.00, 100000000.00),
('R079_04', 'P079_자유적금', '3년 이상', 2.2, 0.000, 2.2, 100000.00, 100000000.00),
('R079_05', 'P079_자유적금', '5년 이상', 2.3, 0.000, 2.3, 100000.00, 100000000.00),
('R080_01', 'P080_T핀크적금판매중단', '1년', 1.35, 0.000, 1.35, 100000.00, 100000000.00),
('R080_02', 'P080_T핀크적금판매중단', '2년', 1.35, 0.000, 1.35, 100000.00, 100000000.00),
('R081_01', 'P081_하나된_평창_적금판매중단', '1년', 0.85, 0.000, 0.85, 100000.00, 100000000.00),
('R082_01', 'P082_내집마련더블업적금', '1년제', 2.25, 0.000, 2.25, 100000.00, 100000000.00),
('R082_02', 'P082_내집마련더블업적금', '2년제', 1.75, 0.000, 1.75, 100000.00, 100000000.00),
('R083_01', 'P083_두리하나_적금판매중단', '1년', 1.85, 0.000, 1.85, 100000.00, 100000000.00),
('R083_02', 'P083_두리하나_적금판매중단', '2년', 2.05, 0.000, 2.05, 100000.00, 100000000.00),
('R083_03', 'P083_두리하나_적금판매중단', '3년', 2.25, 0.000, 2.25, 100000.00, 100000000.00),
('R084_01', 'P084_K리그_팬사랑_적금판매중단', '1년', 1.1, 0.000, 1.1, 100000.00, 100000000.00),
('R085_01', 'P085_LPGA_팬사랑_적금판매중단', '1년', 1.1, 0.000, 1.1, 100000.00, 100000000.00),
('R086_01', 'P086_하나멤버스_주거래_우대적금판매중단', '1년', 1.9, 0.000, 1.9, 100000.00, 100000000.00),
('R087_01', 'P087_Young_하나_적금판매중단', '1년', 0.65, 0.000, 0.65, 100000.00, 100000000.00),
('R088_01', 'P088_행복Together적금판매중단', '1년', 0.85, 0.000, 0.85, 100000.00, 100000000.00),
('R088_02', 'P088_행복Together적금판매중단', '2년', 0.95, 0.000, 0.95, 100000.00, 100000000.00),
('R088_03', 'P088_행복Together적금판매중단', '3년', 1.05, 0.000, 1.05, 100000.00, 100000000.00),
('R088_04', 'P088_행복Together적금판매중단', '5년', 1.15, 0.000, 1.15, 100000.00, 100000000.00),
('R089_01', 'P089_바보의_나눔_적금판매중단', '1년 이상', 0.85, 0.000, 0.85, 100000.00, 100000000.00),
('R089_02', 'P089_바보의_나눔_적금판매중단', '2년 이상', 0.95, 0.000, 0.95, 100000.00, 100000000.00),
('R089_03', 'P089_바보의_나눔_적금판매중단', '3년', 1.05, 0.000, 1.05, 100000.00, 100000000.00),
('R090_01', 'P090_늘하나적금판매중단', '3년', 0.75, 0.000, 0.75, 100000.00, 100000000.00),
('R090_02', 'P090_늘하나적금판매중단', '5년', 0.85, 0.000, 0.85, 100000.00, 100000000.00),
('R091_01', 'P091_나라지킴이_적금판매중단', '1년 미만', 2.0, 0.000, 2.0, 100000.00, 100000000.00),
('R091_02', 'P091_나라지킴이_적금판매중단', '1년 이상', 3.2, 0.000, 3.2, 100000.00, 100000000.00),
('R091_03', 'P091_나라지킴이_적금판매중단', '2년', 3.3, 0.000, 3.3, 100000.00, 100000000.00),
('R092_01', 'P092_아이_사랑해_적금판매중단', '1년', 1.8, 0.000, 1.8, 100000.00, 100000000.00),
('R092_02', 'P092_아이_사랑해_적금판매중단', '2년', 2.0, 0.000, 2.0, 100000.00, 100000000.00),
('R092_03', 'P092_아이_사랑해_적금판매중단', '3년', 2.2, 0.000, 2.2, 100000.00, 100000000.00),
('R092_04', 'P092_아이_사랑해_적금판매중단', '5년', 2.3, 0.000, 2.3, 100000.00, 100000000.00),
('R093_01', 'P093_오!_필승_코리아_적금_2016판매중', '1년 이상', 1.4, 0.000, 1.4, 100000.00, 100000000.00),
('R093_02', 'P093_오!_필승_코리아_적금_2016판매중', '2년 이상', 1.5, 0.000, 1.5, 100000.00, 100000000.00),
('R093_03', 'P093_오!_필승_코리아_적금_2016판매중', '3년', 1.6, 0.000, 1.6, 100000.00, 100000000.00),
('R094_01', 'P094_119_생명지킴이_적금판매중단', '1년', 1.6, 0.000, 1.6, 100000.00, 100000000.00),
('R095_01', 'P095_희망_키움_통장II___중앙자활센터판', '60개월', 1.5, 0.000, 1.5, 100000.00, 100000000.00),
('R096_01', 'P096_넘버엔월복리_적금판매중단', '1년', 1.7, 0.000, 1.7, 100000.00, 100000000.00),
('R096_02', 'P096_넘버엔월복리_적금판매중단', '2년', 1.8, 0.000, 1.8, 100000.00, 100000000.00),
('R096_03', 'P096_넘버엔월복리_적금판매중단', '3년', 1.9, 0.000, 1.9, 100000.00, 100000000.00),
('R097_01', 'P097_씨크릿_적금판매중단', '2년 이상', 1.6, 0.000, 1.6, 100000.00, 100000000.00),
('R097_02', 'P097_씨크릿_적금판매중단', '3년 이상', 1.7, 0.000, 1.7, 100000.00, 100000000.00),
('R097_03', 'P097_씨크릿_적금판매중단', '5년', 1.8, 0.000, 1.8, 100000.00, 100000000.00),
('R098_01', 'P098_윙고빙고_적금판매중단', '1년', 1.4, 0.000, 1.4, 100000.00, 100000000.00),
('R098_02', 'P098_윙고빙고_적금판매중단', '2년', 1.5, 0.000, 1.5, 100000.00, 100000000.00),
('R099_01', 'P099_e_플러스_적금판매중단', '1년', 1.35, 0.000, 1.35, 100000.00, 100000000.00),
('R099_02', 'P099_e_플러스_적금판매중단', '2년', 1.45, 0.000, 1.45, 100000.00, 100000000.00),
('R099_03', 'P099_e_플러스_적금판매중단', '3년', 1.55, 0.000, 1.55, 100000.00, 100000000.00),
('R100_01', 'P100_Self_Gifting_셀프_기프팅_', '1년', 0.3, 0.000, 0.3, 100000.00, 100000000.00),
('R101_01', 'P101_Easy_One_Pack_이지원_팩_', '1년', 0.5, 0.000, 0.5, 100000.00, 100000000.00),
('R102_01', 'P102_함께하는_사랑_적금판매중단', '12개월이상~24개월미만', 1.0, 0.000, 1.0, 100000.00, 100000000.00),
('R102_02', 'P102_함께하는_사랑_적금판매중단', '24개월이상~36개월미만', 1.1, 0.000, 1.1, 100000.00, 100000000.00),
('R102_03', 'P102_함께하는_사랑_적금판매중단', '36개월', 1.2, 0.000, 1.2, 100000.00, 100000000.00),
('R103_01', 'P103_꿈나무_적금판매중단', '1년 이상', 2.65, 0.000, 2.65, 100000.00, 100000000.00),
('R103_02', 'P103_꿈나무_적금판매중단', '2년 이상', 2.75, 0.000, 2.75, 100000.00, 100000000.00),
('R103_03', 'P103_꿈나무_적금판매중단', '3년', 2.85, 0.000, 2.85, 100000.00, 100000000.00),
('R104_01', 'P104_나의_소원_적금판매중단', '1년 미만', 0.65, 0.000, 0.65, 100000.00, 100000000.00),
('R104_02', 'P104_나의_소원_적금판매중단', '1년 이상', 0.75, 0.000, 0.75, 100000.00, 100000000.00),
('R104_03', 'P104_나의_소원_적금판매중단', '2년 이상', 0.85, 0.000, 0.85, 100000.00, 100000000.00),
('R104_04', 'P104_나의_소원_적금판매중단', '3년', 0.95, 0.000, 0.95, 100000.00, 100000000.00),
('R105_01', 'P105_1004나눔_적금판매중단', '1년', 1.3, 0.000, 1.3, 100000.00, 100000000.00),
('R105_02', 'P105_1004나눔_적금판매중단', '2년', 1.4, 0.000, 1.4, 100000.00, 100000000.00),
('R105_03', 'P105_1004나눔_적금판매중단', '3년', 1.5, 0.000, 1.5, 100000.00, 100000000.00),
('R106_01', 'P106_나이스_샷_골프_적금판매중단', '1년 이상', 0.75, 0.000, 0.75, 100000.00, 100000000.00),
('R106_02', 'P106_나이스_샷_골프_적금판매중단', '2년 이상', 0.85, 0.000, 0.85, 100000.00, 100000000.00),
('R106_03', 'P106_나이스_샷_골프_적금판매중단', '3년', 0.95, 0.000, 0.95, 100000.00, 100000000.00),
('R107_01', 'P107_행복ㆍ건강_S_라인적금판매중단', '1년 이상', 0.8, 0.000, 0.8, 100000.00, 100000000.00),
('R107_02', 'P107_행복ㆍ건강_S_라인적금판매중단', '2년 이상', 0.9, 0.000, 0.9, 100000.00, 100000000.00),
('R107_03', 'P107_행복ㆍ건강_S_라인적금판매중단', '3년', 1.0, 0.000, 1.0, 100000.00, 100000000.00),
('R108_01', 'P108_행복한_가족_적금판매중단', '1년', 0.5, 0.000, 0.5, 100000.00, 100000000.00),
('R108_02', 'P108_행복한_가족_적금판매중단', '2년', 0.6, 0.000, 0.6, 100000.00, 100000000.00),
('R108_03', 'P108_행복한_가족_적금판매중단', '3년', 0.7, 0.000, 0.7, 100000.00, 100000000.00),
('R109_01', 'P109_순천만정원_사랑_적금판매중단', '1년 이상', 0.55, 0.000, 0.55, 100000.00, 100000000.00),
('R109_02', 'P109_순천만정원_사랑_적금판매중단', '2년 이상', 0.65, 0.000, 0.65, 100000.00, 100000000.00),
('R109_03', 'P109_순천만정원_사랑_적금판매중단', '3년', 0.75, 0.000, 0.75, 100000.00, 100000000.00),
('R110_01', 'P110_행복나눔_적금판매중단', '1년 이상', 0.7, 0.000, 0.7, 100000.00, 100000000.00),
('R110_02', 'P110_행복나눔_적금판매중단', '2년 이상', 0.8, 0.000, 0.8, 100000.00, 100000000.00),
('R110_03', 'P110_행복나눔_적금판매중단', '3년', 0.9, 0.000, 0.9, 100000.00, 100000000.00),
('R111_01', 'P111_하나_미소드림_적금', '1년', 3.6, 0.000, 3.6, 100000.00, 100000000.00),
('R111_02', 'P111_하나_미소드림_적금', '2년', 3.8, 0.000, 3.8, 100000.00, 100000000.00),
('R111_03', 'P111_하나_미소드림_적금', '3년 이상', 4.0, 0.000, 4.0, 100000.00, 100000000.00),
('R112_01', 'P112_168_적금판매중단', '6개월 이상 ~ 1년 미만', 0.9, 0.000, 0.9, 100000.00, 100000000.00),
('R112_02', 'P112_168_적금판매중단', '1년', 1.0, 0.000, 1.0, 100000.00, 100000000.00),
('R113_01', 'P113_새희망_근로_적금판매중단', '3년', 2.3, 0.000, 2.3, 100000.00, 100000000.00),
('R113_02', 'P113_새희망_근로_적금판매중단', '5년', 2.3, 0.000, 2.3, 100000.00, 100000000.00),
('R114_01', 'P114_희망키움_통장고객판매중단', '3년', 2.0, 0.000, 2.0, 100000.00, 100000000.00),
('R115_01', 'P115_희망키움_통장중앙자활센터판매중단', '60개월', 1.5, 0.000, 1.5, 100000.00, 100000000.00),
('R116_01', 'P116_내일키움_통장고객판매중단', '3년', 2.0, 0.000, 2.0, 100000.00, 100000000.00),
('R117_01', 'P117_내일키움_통장중앙자활센터판매중단', '60개월', 1.5, 0.000, 1.5, 100000.00, 100000000.00),
('R118_01', 'P118_희망_키움_통장II___고객판매중단', '3년', 2.0, 0.000, 2.0, 100000.00, 100000000.00),
('R119_01', 'P119_미래_행복_통장개인', '72개월', 2.5, 0.000, 2.5, 100000.00, 100000000.00),
('R120_01', 'P120_정기적금', '6개월 이상', 1.9, 0.000, 1.9, 100000.00, 100000000.00),
('R120_02', 'P120_정기적금', '1년 이상', 2.0, 0.000, 2.0, 100000.00, 100000000.00),
('R120_03', 'P120_정기적금', '2년 이상', 2.1, 0.000, 2.1, 100000.00, 100000000.00),
('R120_04', 'P120_정기적금', '3년 이상', 2.2, 0.000, 2.2, 100000.00, 100000000.00),
('R120_05', 'P120_정기적금', '5년', 2.3, 0.000, 2.3, 100000.00, 100000000.00),
('R121_01', 'P121_상호부금', '6개월 이상', 1.65, 0.000, 1.65, 100000.00, 100000000.00),
('R121_02', 'P121_상호부금', '1년 이상', 1.75, 0.000, 1.75, 100000.00, 100000000.00),
('R121_03', 'P121_상호부금', '2년 이상', 1.85, 0.000, 1.85, 100000.00, 100000000.00),
('R121_04', 'P121_상호부금', '3년 이상', 1.95, 0.000, 1.95, 100000.00, 100000000.00),
('R121_05', 'P121_상호부금', '4년 이상', 1.95, 0.000, 1.95, 100000.00, 100000000.00),
('R121_06', 'P121_상호부금', '5년', 2.05, 0.000, 2.05, 100000.00, 100000000.00),
('R122_01', 'P122_주택청약부금', '3년', 2.85, 0.000, 2.85, 100000.00, 100000000.00),
('R123_01', 'P123_주택청약종합저축', '1개월 이내', 0.0, 0.000, 0.0, 100000.00, 100000000.00),
('R123_02', 'P123_주택청약종합저축', '1개월초과 1년미만', 2.3, 0.000, 2.3, 100000.00, 100000000.00),
('R123_03', 'P123_주택청약종합저축', '1년이상 2년 미만', 2.8, 0.000, 2.8, 100000.00, 100000000.00),
('R123_04', 'P123_주택청약종합저축', '2년이상', 3.1, 0.000, 3.1, 100000.00, 100000000.00),
('R124_01', 'P124_신비과세_장기저축판매중단', '변동금리', 3.1, 0.000, 3.1, 100000.00, 100000000.00),
('R125_01', 'P125_신비과세_장기저축보너스형판매중단', '변동금리', 3.1, 0.000, 3.1, 100000.00, 100000000.00),
('R126_01', 'P126_하나_My_Plan_비과세저축판매중단', '변동금리', 3.1, 0.000, 3.1, 100000.00, 100000000.00),
('R126_02', 'P126_하나_My_Plan_비과세저축판매중단', '가입 3년 이후 매 1년마다 해당시점 고시금리', 1.75, 0.000, 1.75, 100000.00, 100000000.00),
('R127_01', 'P127_하나_비과세_복리적금판매중단', '최초가입 후 3년(확정) 이후 매 3년 단위', 1.1, 0.000, 1.1, 100000.00, 100000000.00),
('R128_01', 'P128_장기주택마련저축판매중단', '변동금리', 3.1, 0.000, 3.1, 100000.00, 100000000.00),
('R129_01', 'P129_부자되는_적금판매중단', '2년', 0.4, 0.000, 0.4, 100000.00, 100000000.00),
('R129_02', 'P129_부자되는_적금판매중단', '3년', 0.6, 0.000, 0.6, 100000.00, 100000000.00),
('R130_01', 'P130_난_할_수_있어_적금2판매중단', '6개월 이상 12개월 이하', 0.7, 0.000, 0.7, 100000.00, 100000000.00),
('R131_01', 'P131_하나_와인처럼_적금판매중단', '6개월', 0.2, 0.000, 0.2, 100000.00, 100000000.00),
('R131_02', 'P131_하나_와인처럼_적금판매중단', '1년', 0.3, 0.000, 0.3, 100000.00, 100000000.00),
('R131_03', 'P131_하나_와인처럼_적금판매중단', '2년', 0.5, 0.000, 0.5, 100000.00, 100000000.00),
('R131_04', 'P131_하나_와인처럼_적금판매중단', '3년', 0.7, 0.000, 0.7, 100000.00, 100000000.00),
('R132_01', 'P132_하나_재형저축판매중단', '최초 가입 후 3년(확정) 이후 1년 단위', 3.15, 0.000, 3.15, 100000.00, 100000000.00),
('R133_01', 'P133_신재형저축판매중단', '최초 3년', 1.5, 0.000, 1.5, 100000.00, 100000000.00),
('R133_02', 'P133_신재형저축판매중단', '3년 초과 ~ 7년', 1.5, 0.000, 1.5, 100000.00, 100000000.00),
('R133_03', 'P133_신재형저축판매중단', '7년 초과 ~ 10년(최장)', 1.5, 0.000, 1.5, 100000.00, 100000000.00),
('R134_01', 'P134_내자녀_성공기_적금판매중단', '1년', 1.6, 0.000, 1.6, 100000.00, 100000000.00),
('R135_01', 'P135_두리하나_정기예금판매중단', '1년', 1.6, 0.000, 1.6, 100000.00, 100000000.00),
('R136_01', 'P136_황금드림_정기예금판매중단', '12개월', 1.2, 0.000, 1.2, 100000.00, 100000000.00),
('R136_02', 'P136_황금드림_정기예금판매중단', '18개월', 1.2, 0.000, 1.2, 100000.00, 100000000.00),
('R137_01', 'P137_특판정기예금한시판매', '12개월', 1.02, 0.000, 1.02, 100000.00, 100000000.00),
('R137_02', 'P137_특판정기예금한시판매', '18개월', 1.0, 0.000, 1.0, 100000.00, 100000000.00),
('R138_01', 'P138_하나원큐_정기예금판매중단', '1년', 1.15, 0.000, 1.15, 100000.00, 100000000.00),
('R139_01', 'P139_언제나청춘정기예금판매중단', '1년', 0.9, 0.000, 0.9, 100000.00, 100000000.00),
('R140_01', 'P140_하나더예금판매중단', '1년', 2.65, 0.000, 2.65, 100000.00, 100000000.00),
('R141_01', 'P141_하나의_정기예금', '1개월 이상', 1.8, 0.000, 1.8, 100000.00, 100000000.00),
('R141_02', 'P141_하나의_정기예금', '3개월 이상', 1.9, 0.000, 1.9, 100000.00, 100000000.00),
('R141_03', 'P141_하나의_정기예금', '6개월 이상', 2.0, 0.000, 2.0, 100000.00, 100000000.00),
('R141_04', 'P141_하나의_정기예금', '9개월 이상', 2.0, 0.000, 2.0, 100000.00, 100000000.00),
('R141_05', 'P141_하나의_정기예금', '12개월 이상', 2.05, 0.000, 2.05, 100000.00, 100000000.00),
('R141_06', 'P141_하나의_정기예금', '13개월 이상', 2.05, 0.000, 2.05, 100000.00, 100000000.00),
('R141_07', 'P141_하나의_정기예금', '18개월 이상', 2.05, 0.000, 2.05, 100000.00, 100000000.00),
('R141_08', 'P141_하나의_정기예금', '24개월 이상', 2.05, 0.000, 2.05, 100000.00, 100000000.00),
('R141_09', 'P141_하나의_정기예금', '36개월 이상', 2.05, 0.000, 2.05, 100000.00, 100000000.00),
('R141_10', 'P141_하나의_정기예금', '48개월 이상', 2.15, 0.000, 2.15, 100000.00, 100000000.00),
('R141_11', 'P141_하나의_정기예금', '60개월', 2.15, 0.000, 2.15, 100000.00, 100000000.00),
('R142_01', 'P142_1년_연동형_정기예금보증보험용', '1년', 1.85, 0.000, 1.85, 100000.00, 100000000.00),
('R143_01', 'P143_행복Together정기예금판매중단', '1년', 1.3, 0.000, 1.3, 100000.00, 100000000.00),
('R144_01', 'P144_오!_필승코리아_정기예금_2016판매', '1년', 1.3, 0.000, 1.3, 100000.00, 100000000.00),
('R145_01', 'P145_리틀빅_정기예금판매중단', '1년', 0.5, 0.000, 0.5, 100000.00, 100000000.00),
('R146_01', 'P146_하나된_평창_정기예금판매중단', '1년', 0.85, 0.000, 0.85, 100000.00, 100000000.00),
('R147_01', 'P147_MMDA형_정기예금판매중단', '1년', 1.6, 0.000, 1.6, 100000.00, 100000000.00),
('R148_01', 'P148_행복knowhow_연금예금', '1년', 2.2, 0.000, 2.2, 100000.00, 100000000.00),
('R148_02', 'P148_행복knowhow_연금예금', '2년', 2.3, 0.000, 2.3, 100000.00, 100000000.00),
('R148_03', 'P148_행복knowhow_연금예금', '3년', 2.3, 0.000, 2.3, 100000.00, 100000000.00),
('R149_01', 'P149_N플러스_정기예금판매중단', '6개월 이상', 0.5, 0.000, 0.5, 100000.00, 100000000.00),
('R149_02', 'P149_N플러스_정기예금판매중단', '1년 이상', 0.65, 0.000, 0.65, 100000.00, 100000000.00),
('R149_03', 'P149_N플러스_정기예금판매중단', '2년 이상', 0.7, 0.000, 0.7, 100000.00, 100000000.00),
('R149_04', 'P149_N플러스_정기예금판매중단', '3년', 0.75, 0.000, 0.75, 100000.00, 100000000.00),
('R150_01', 'P150_Easy_One_Pack이지원_팩_정', '3개월 미만', 1.1, 0.000, 1.1, 100000.00, 100000000.00),
('R150_02', 'P150_Easy_One_Pack이지원_팩_정', '6개월 미만', 1.2, 0.000, 1.2, 100000.00, 100000000.00),
('R150_03', 'P150_Easy_One_Pack이지원_팩_정', '1년 미만', 1.2, 0.000, 1.2, 100000.00, 100000000.00),
('R150_04', 'P150_Easy_One_Pack이지원_팩_정', '1년', 1.3, 0.000, 1.3, 100000.00, 100000000.00),
('R151_01', 'P151_e_플러스_정기예금판매중단', '1개월 이상', 0.25, 0.000, 0.25, 100000.00, 100000000.00),
('R151_02', 'P151_e_플러스_정기예금판매중단', '3개월 이상', 0.25, 0.000, 0.25, 100000.00, 100000000.00),
('R151_03', 'P151_e_플러스_정기예금판매중단', '6개월 이상', 0.45, 0.000, 0.45, 100000.00, 100000000.00),
('R151_04', 'P151_e_플러스_정기예금판매중단', '1년 이상', 0.6, 0.000, 0.6, 100000.00, 100000000.00),
('R151_05', 'P151_e_플러스_정기예금판매중단', '2년 이상', 0.65, 0.000, 0.65, 100000.00, 100000000.00),
('R151_06', 'P151_e_플러스_정기예금판매중단', '3년', 0.75, 0.000, 0.75, 100000.00, 100000000.00),
('R152_01', 'P152_369_정기예금', '3개월(중도해지)', 0.7, 0.000, 0.7, 100000.00, 100000000.00),
('R152_02', 'P152_369_정기예금', '6개월(중도해지)', 0.8, 0.000, 0.8, 100000.00, 100000000.00),
('R152_03', 'P152_369_정기예금', '9개월(중도해지)', 0.9, 0.000, 0.9, 100000.00, 100000000.00),
('R152_04', 'P152_369_정기예금', '1년', 2.2, 0.000, 2.2, 100000.00, 100000000.00),
('R153_01', 'P153_펀드사랑_정기예금판매중단', '1년 이상', 1.2, 0.000, 1.2, 100000.00, 100000000.00),
('R153_02', 'P153_펀드사랑_정기예금판매중단', '2년 이상', 1.3, 0.000, 1.3, 100000.00, 100000000.00),
('R153_03', 'P153_펀드사랑_정기예금판매중단', '3년', 1.4, 0.000, 1.4, 100000.00, 100000000.00),
('R154_01', 'P154_CD연동_정기예금판매중단', '6개월(금리는 CD금리 대비)', 0.2, 0.000, 0.2, 100000.00, 100000000.00),
('R154_02', 'P154_CD연동_정기예금판매중단', '1년(금리는 CD금리 대비)', 0.2, 0.000, 0.2, 100000.00, 100000000.00),
('R154_03', 'P154_CD연동_정기예금판매중단', '2년(금리는 CD금리 대비)', 0.1, 0.000, 0.1, 100000.00, 100000000.00),
('R154_04', 'P154_CD연동_정기예금판매중단', '3년(금리는 CD금리 대비)', 0.0, 0.000, 0.0, 100000.00, 100000000.00),
('R154_05', 'P154_CD연동_정기예금판매중단', 'CD금리', 2.5, 0.000, 2.5, 100000.00, 100000000.00),
('R155_01', 'P155_주택청약예금', '1년', 2.1, 0.000, 2.1, 100000.00, 100000000.00),
('R156_01', 'P156_주거래_정기예금판매중단', '1년', 0.75, 0.000, 0.75, 100000.00, 100000000.00),
('R157_01', 'P157_하나머니세상_정기예금판매중단', '6개월', 0.2, 0.000, 0.2, 100000.00, 100000000.00),
('R157_02', 'P157_하나머니세상_정기예금판매중단', '1년', 0.4, 0.000, 0.4, 100000.00, 100000000.00),
('R158_01', 'P158_양도성_예금증서CD', '30일~89일', 1.75, 0.000, 1.75, 100000.00, 100000000.00),
('R158_02', 'P158_양도성_예금증서CD', '90일~180일', 1.85, 0.000, 1.85, 100000.00, 100000000.00),
('R158_03', 'P158_양도성_예금증서CD', '181일~364일', 1.95, 0.000, 1.95, 100000.00, 100000000.00),
('R158_04', 'P158_양도성_예금증서CD', '365일', 2.0, 0.000, 2.0, 100000.00, 100000000.00),
('R158_05', 'P158_양도성_예금증서CD', '1년초과~2년미만', 2.05, 0.000, 2.05, 100000.00, 100000000.00),
('R158_06', 'P158_양도성_예금증서CD', '2년이상~3년미만', 2.15, 0.000, 2.15, 100000.00, 100000000.00),
('R158_07', 'P158_양도성_예금증서CD', '3년이상~5년이하', 2.25, 0.000, 2.25, 100000.00, 100000000.00),
('R159_01', 'P159_고단위플러스_금리확정형', '1개월 이상~3개월 미만', 1.7, 0.000, 1.7, 100000.00, 100000000.00),
('R159_02', 'P159_고단위플러스_금리확정형', '3개월 이상~6개월 미만', 1.8, 0.000, 1.8, 100000.00, 100000000.00),
('R159_03', 'P159_고단위플러스_금리확정형', '6개월 이상~1년 미만', 1.9, 0.000, 1.9, 100000.00, 100000000.00),
('R159_04', 'P159_고단위플러스_금리확정형', '1년 이상~2년 미만', 1.95, 0.000, 1.95, 100000.00, 100000000.00),
('R159_05', 'P159_고단위플러스_금리확정형', '2년 이상~3년 미만', 1.95, 0.000, 1.95, 100000.00, 100000000.00),
('R159_06', 'P159_고단위플러스_금리확정형', '3년 이상~4년 미만', 1.95, 0.000, 1.95, 100000.00, 100000000.00),
('R159_07', 'P159_고단위플러스_금리확정형', '4년 이상~5년 미만', 2.05, 0.000, 2.05, 100000.00, 100000000.00),
('R159_08', 'P159_고단위플러스_금리확정형', '5년 이상', 2.05, 0.000, 2.05, 100000.00, 100000000.00),
('R160_01', 'P160_고단위플러스_금리연동형', '1개월 연동형', 1.7, 0.000, 1.7, 100000.00, 100000000.00),
('R160_02', 'P160_고단위플러스_금리연동형', '3개월 연동형', 1.8, 0.000, 1.8, 100000.00, 100000000.00),
('R160_03', 'P160_고단위플러스_금리연동형', '6개월 연동형', 1.9, 0.000, 1.9, 100000.00, 100000000.00),
('R160_04', 'P160_고단위플러스_금리연동형', '1년 연동형', 1.95, 0.000, 1.95, 100000.00, 100000000.00),
('R161_01', 'P161_빅팟BIGPOT_정기예금판매중단', '1개월 이상~3개월 미만', 1.8, 0.000, 1.8, 100000.00, 100000000.00),
('R161_02', 'P161_빅팟BIGPOT_정기예금판매중단', '3개월 이상~6개월 미만', 1.9, 0.000, 1.9, 100000.00, 100000000.00),
('R161_03', 'P161_빅팟BIGPOT_정기예금판매중단', '6개월 이상~1년 미만', 2.0, 0.000, 2.0, 100000.00, 100000000.00),
('R161_04', 'P161_빅팟BIGPOT_정기예금판매중단', '1년 이상~2년 미만', 2.05, 0.000, 2.05, 100000.00, 100000000.00),
('R161_05', 'P161_빅팟BIGPOT_정기예금판매중단', '2년 이상~3년 미만', 2.05, 0.000, 2.05, 100000.00, 100000000.00),
('R161_06', 'P161_빅팟BIGPOT_정기예금판매중단', '3년', 2.05, 0.000, 2.05, 100000.00, 100000000.00),
('R188_01', 'P188_행복knowhow_주거래_우대통장판매', '연금이체시 2백만원 한도(※2백만원초과 또는 연금 미이체시 보통예금(0.1%),저축예금(0.1%) 금리)', 1.0, 0.000, 1.0, 100000.00, 100000000.00),
('R191_01', 'P191_뱅크월렛_카카오통장판매중단', '뱅크월렛(또는 N월렛) 연결계좌 등록 시(※ 미등록시 저축예금(0.1%) 금리 적용)', 0.5, 0.000, 0.5, 100000.00, 100000000.00),
('R200_01', 'P200_119_생명지킴이_통장판매중단', '연금이체시 2백만원 한도(※2백만원초과 또는 연금 미이체시 보통예금(0.1%),저축예금(0.1%) 금리)', 1.0, 0.000, 1.0, 100000.00, 100000000.00),
('R204_01', 'P204_하나_희망지킴이_통장판매중단', '연금 수령 전용통장', 0.5, 0.000, 0.5, 100000.00, 100000000.00),
('R207_01', 'P207_하나_퇴직공제금_지킴이_통장판매중단', '건설근로자 중 퇴직공제금 수급 전용통장', 0.5, 0.000, 0.5, 100000.00, 100000000.00),
('R209_01', 'P209_사학연금평생안심통장', '연금 수령 전용통장', 0.5, 0.000, 0.5, 100000.00, 100000000.00),
('R215_01', 'P215_하나_기부금_통장판매중단', '세법 상 기부금 단체 전용통장', 0.5, 0.000, 0.5, 100000.00, 100000000.00),
('R219_01', 'P219_부자되는_연금통장하나_행복연금통장판매', '조건 미충족시', 0.0, 0.000, 0.0, 100000.00, 100000000.00),
('R219_02', 'P219_부자되는_연금통장하나_행복연금통장판매', '연금이체시 2백만원 한도(※2백만원초과 또는 연금 미이체시 보통예금(0.1%),저축예금(0.1%) 금리)', 1.0, 0.000, 1.0, 100000.00, 100000000.00);

-- LoanRate 테이블 삽입
INSERT INTO LoanRate (LoanRateID, ProductID, RateType, BaseRate, SpreadRate, BonusRate, MinRate, MaxRate, RateChangeCycle) VALUES
('LR222_01', 'P222_하나원큐아파트론혼합', '5년물 금융채 유통수익률', 2.794, 1.49, 0.8, 3.484, 4.284, '만기일시'),
('LR223_01', 'P223_하나원큐아파트론변동', '6개월물 금융채 유통수익률', 2.516, 2.301, 0.8, 4.017, 4.817, '6개월'),
('LR224_01', 'P224_하나원큐주택담보대출혼합', '5년물 금융채 유통수익률', 2.794, 1.69, 0.8, 3.684, 4.484, '만기일시'),
('LR225_01', 'P225_하나원큐주택담보대출변동', '6개월물 금융채 유통수익률', 2.516, 2.501, 0.8, 4.217, 5.017, '6개월'),
('LR226_01', 'P226_하나_혼합금리_모기지론', '3년물 금융채 유통수익률', 2.609, 2.93, 1.3, 4.239, 5.539, '만기일시'),
('LR226_02', 'P226_하나_혼합금리_모기지론', '5년물 금융채 유통수익률', 2.794, 2.72, 1.3, 4.214, 5.514, '만기일시'),
('LR227_01', 'P227_하나_변동금리_모기지론', '91물 CD유통수익률', 2.5, 2.99, 1.3, 4.19, 5.49, '3개월'),
('LR227_02', 'P227_하나_변동금리_모기지론', '6개월물 금융채 유통수익률', 2.516, 2.981, 1.3, 4.197, 5.497, '6개월'),
('LR227_03', 'P227_하나_변동금리_모기지론', '1년물 금융채 유통수익률', 2.498, 3.013, 1.3, 4.211, 5.511, '1년'),
('LR227_04', 'P227_하나_변동금리_모기지론', 'COFIX 신규취급액', 2.54, 2.957, 1.3, 4.197, 5.497, '6개월'),
('LR227_05', 'P227_하나_변동금리_모기지론', 'COFIX 신잔액', 2.63, 2.427, 1.3, 3.757, 5.057, '6개월'),
('LR228_01', 'P228_하나_주택담보대출_갈아타기혼합', '5년물 금융채 유통수익률', 2.794, 0.97, 0.0, 3.764, 3.764, '60개월'),
('LR229_01', 'P229_하나_주택담보대출_갈아타기변동', '6개월물 금융채 유통수익률', 2.516, 1.801, 0.0, 4.317, 4.317, '6개월'),
('LR230_01', 'P230_하나_주거용_오피스텔담보대출_갈아타기', '6개월물 금융채 유통수익률', 2.516, 2.321, 0.0, 4.837, 4.837, '6개월'),
('LR230_02', 'P230_하나_주거용_오피스텔담보대출_갈아타기', 'COFIX 신잔액', 2.63, 1.767, 0.0, 4.397, 4.397, '6개월'),
('LR231_01', 'P231_의료인_보증서_담보대출', '6개월물 금융채 유통수익률', 2.516, 2.669, 0.6, 4.585, 5.185, '6개월'),
('LR232_01', 'P232_e의료인_보증서_담보대출', '6개월물 금융채 유통수익률', 2.516, 2.969, 0.9, 4.585, 5.485, '6개월'),
('LR233_01', 'P233_하나햇살론뱅크', '1년물 금융채 유통수익률', 2.498, 3.646, 0.0, 6.144, 6.144, '1년'),
('LR234_01', 'P234_하나원큐비상금대출', '1년물 금융채 유통수익률', 2.498, 2.34, 0.6, 4.238, 4.838, '1년'),
('LR235_01', 'P235_하나_주거용_오피스텔담보대출MCI/M', '91물 CD유통수익률', 2.5, 3.198, 0.9, 4.798, 5.698, '3개월'),
('LR235_02', 'P235_하나_주거용_오피스텔담보대출MCI/M', '6개월물 금융채 유통수익률', 2.516, 3.189, 0.9, 4.805, 5.705, '6개월'),
('LR235_03', 'P235_하나_주거용_오피스텔담보대출MCI/M', '1년물 금융채 유통수익률', 2.498, 3.1, 0.9, 4.698, 5.598, '1년'),
('LR235_04', 'P235_하나_주거용_오피스텔담보대출MCI/M', 'COFIX 신규취급액', 2.54, 3.165, 0.9, 4.805, 5.705, '6개월'),
('LR235_05', 'P235_하나_주거용_오피스텔담보대출MCI/M', 'COFIX 신잔액', 2.63, 2.635, 0.9, 4.365, 5.265, '6개월'),
('LR236_01', 'P236_보증보험담보대출', '91물 CD유통수익률', 2.5, 2.978, 0.9, 4.578, 5.478, '3개월'),
('LR236_02', 'P236_보증보험담보대출', '6개월물 금융채 유통수익률', 2.516, 2.969, 0.9, 4.585, 5.485, '6개월'),
('LR236_03', 'P236_보증보험담보대출', '1년물 금융채 유통수익률', 2.498, 2.88, 0.9, 4.478, 5.378, '1년'),
('LR236_04', 'P236_보증보험담보대출', 'COFIX 신규취급액', 2.54, 2.945, 0.9, 4.585, 5.485, '6개월'),
('LR236_05', 'P236_보증보험담보대출', 'COFIX 신잔액', 2.63, 2.415, 0.9, 4.145, 5.045, '6개월'),
('LR237_01', 'P237_1Q오토론,EV오토론', '91물 CD유통수익률', 2.5, 2.978, 0.9, 4.578, 5.478, '3개월'),
('LR237_02', 'P237_1Q오토론,EV오토론', '6개월물 금융채 유통수익률', 2.516, 2.969, 0.9, 4.585, 5.485, '6개월'),
('LR237_03', 'P237_1Q오토론,EV오토론', '1년물 금융채 유통수익률', 2.498, 2.88, 0.9, 4.478, 5.378, '1년'),
('LR237_04', 'P237_1Q오토론,EV오토론', 'COFIX 신규취급액', 2.54, 2.945, 0.9, 4.585, 5.485, '6개월'),
('LR237_05', 'P237_1Q오토론,EV오토론', 'COFIX 신잔액', 2.63, 2.415, 0.9, 4.145, 5.045, '6개월'),
('LR238_01', 'P238_하나_인테리어대출', '6개월물 금융채 유통수익률', 2.516, 3.231, 0.9, 4.847, 5.747, '6개월'),
('LR239_01', 'P239_하나_역모기지론', '신 잔액기준 COFIX', 2.63, 0.847, 0.0, 3.477, 3.477, '6개월'),
('LR242_01', 'P242_폐업지원대환대출_주택', '6개월물 금융채 유통수익률', 2.516, 2.981, 0.0, 5.497, 5.497, '6개월'),
('LR242_02', 'P242_폐업지원대환대출_주택', '1년물 금융채 유통수익률', 2.498, 3.013, 0.0, 5.511, 5.511, '1년'),
('LR242_03', 'P242_폐업지원대환대출_주택', '5년물 금융채(변동) 유통수익률', 2.794, 2.994, 0.0, 5.788, 5.788, '5년'),
('LR243_01', 'P243_페업지원대환대출_오피스텔', '6개월물 금융채 유통수익률', 2.516, 3.189, 0.0, 5.705, 5.705, '6개월'),
('LR243_02', 'P243_페업지원대환대출_오피스텔', '1년물 금융채 유통수익률', 2.498, 3.1, 0.0, 5.598, 5.598, '1년'),
('LR243_03', 'P243_페업지원대환대출_오피스텔', '5년물 금융채(변동) 유통수익률', 2.794, 3.092, 0.0, 5.886, 5.886, '5년'),
('LR244_01', 'P244_폐업지원대환대출_기타부동산', '6개월물 금융채 유통수익률', 2.516, 3.189, 0.0, 5.705, 5.705, '6개월'),
('LR244_02', 'P244_폐업지원대환대출_기타부동산', '1년물 금융채 유통수익률', 2.498, 3.1, 0.0, 5.598, 5.598, '1년'),
('LR244_03', 'P244_폐업지원대환대출_기타부동산', '5년물 금융채(변동) 유통수익률', 2.794, 3.092, 0.0, 5.886, 5.886, '5년'),
('LR245_01', 'P245_하나원큐신용대출우량', '6개월물 금융채 유통수익률', 2.516, 2.109, 0.6, 4.025, 4.625, '6개월'),
('LR246_01', 'P246_하나원큐신용대출일반', '6개월물 금융채 유통수익률', 2.516, 2.919, 0.6, 4.835, 5.435, '6개월'),
('LR247_01', 'P247_하나원큐신용대출중금리', '6개월물 금융채 유통수익률', 2.516, 4.089, 0.6, 6.005, 6.605, '6개월'),
('LR248_01', 'P248_하나원큐신용대출_갈아타기우량', '신 잔액기준 COFIX', 2.63, 1.905, 0.6, 3.935, 4.535, '6개월'),
('LR249_01', 'P249_하나원큐_연금대출', '6개월물 금융채 유통수익률', 2.516, 2.359, 0.6, 4.275, 4.875, '6개월'),
('LR250_01', 'P250_하나주거래대출M', '6개월물 금융채 유통수익률', 2.516, 2.869, 0.9, 4.485, 5.385, '6개월'),
('LR251_01', 'P251_씨티갈아타기대출', '6개월물 금융채 유통수익률', 2.516, 2.139, 0.9, 3.755, 4.655, '6개월'),
('LR252_01', 'P252_하나원큐새희망홀씨II', '1년물 금융채 유통수익률', 2.498, 2.83, 1.0, 4.328, 5.328, '1년'),
('LR253_01', 'P253_하나_새희망홀씨II', '1년물 금융채 유통수익률', 2.498, 3.04, 2.4, 3.138, 5.538, '1년'),
('LR254_01', 'P254_프리미엄직장인론,공무원클럽대출', '91물 CD유통수익률', 2.5, 3.788, 0.9, 5.388, 6.288, '3개월'),
('LR254_02', 'P254_프리미엄직장인론,공무원클럽대출', '6개월물 금융채 유통수익률', 2.516, 3.779, 0.9, 5.395, 6.295, '6개월'),
('LR254_03', 'P254_프리미엄직장인론,공무원클럽대출', '1년물 금융채 유통수익률', 2.498, 3.69, 0.9, 5.288, 6.188, '1년'),
('LR254_04', 'P254_프리미엄직장인론,공무원클럽대출', 'COFIX 신규취급액', 2.54, 3.755, 0.9, 5.395, 6.295, '6개월'),
('LR254_05', 'P254_프리미엄직장인론,공무원클럽대출', 'COFIX 신잔액', 2.63, 3.225, 0.9, 4.955, 5.855, '6개월'),
('LR255_01', 'P255_닥터클럽대출골드', '91물 CD유통수익률', 2.5, 3.738, 0.9, 5.338, 6.238, '3개월'),
('LR255_02', 'P255_닥터클럽대출골드', '6개월물 금융채 유통수익률', 2.516, 3.729, 0.9, 5.345, 6.245, '6개월'),
('LR255_03', 'P255_닥터클럽대출골드', '1년물 금융채 유통수익률', 2.498, 3.64, 0.9, 5.238, 6.138, '1년'),
('LR255_04', 'P255_닥터클럽대출골드', 'COFIX 신규취급액', 2.54, 3.705, 0.9, 5.345, 6.245, '6개월'),
('LR255_05', 'P255_닥터클럽대출골드', 'COFIX 신잔액', 2.63, 3.175, 0.9, 4.466, 5.366, '6개월'),
('LR256_01', 'P256_로이어클럽대출', '91물 CD유통수익률', 2.5, 3.738, 0.9, 5.338, 6.238, '3개월'),
('LR256_02', 'P256_로이어클럽대출', '6개월물 금융채 유통수익률', 2.516, 3.729, 0.9, 5.345, 6.245, '6개월'),
('LR256_03', 'P256_로이어클럽대출', '1년물 금융채 유통수익률', 2.498, 3.64, 0.9, 5.238, 6.138, '1년'),
('LR256_04', 'P256_로이어클럽대출', 'COFIX 신규취급액', 2.54, 3.705, 0.9, 5.345, 6.245, '6개월'),
('LR256_05', 'P256_로이어클럽대출', 'COFIX 신잔액', 2.63, 3.175, 0.9, 4.905, 5.805, '6개월'),
('LR257_01', 'P257_전문직클럽대출', '91물 CD유통수익률', 2.5, 3.738, 0.9, 5.338, 6.238, '3개월'),
('LR257_02', 'P257_전문직클럽대출', '6개월물 금융채 유통수익률', 2.516, 3.729, 0.9, 5.345, 6.245, '6개월'),
('LR257_03', 'P257_전문직클럽대출', '1년물 금융채 유통수익률', 2.498, 3.64, 0.9, 5.238, 6.138, '1년'),
('LR257_04', 'P257_전문직클럽대출', 'COFIX 신규취급액', 2.54, 3.705, 0.9, 5.345, 6.245, '6개월'),
('LR257_05', 'P257_전문직클럽대출', 'COFIX 신잔액', 2.63, 3.175, 0.9, 4.905, 5.805, '6개월'),
('LR258_01', 'P258_하나수의사클럽대출', '91물 CD유통수익률', 2.5, 3.788, 0.9, 5.388, 6.288, '3개월'),
('LR258_02', 'P258_하나수의사클럽대출', '6개월물 금융채 유통수익률', 2.516, 3.779, 0.9, 5.395, 6.295, '6개월'),
('LR258_03', 'P258_하나수의사클럽대출', '1년물 금융채 유통수익률', 2.498, 3.69, 0.9, 5.288, 6.188, '1년'),
('LR258_04', 'P258_하나수의사클럽대출', 'COFIX 신규취급액', 2.54, 3.755, 0.9, 5.395, 6.295, '6개월'),
('LR258_05', 'P258_하나수의사클럽대출', 'COFIX 신잔액', 2.63, 3.225, 0.9, 4.955, 5.855, '6개월'),
('LR259_01', 'P259_의료인클럽대출', '91물 CD유통수익률', 2.5, 4.088, 0.9, 5.688, 6.588, '3개월'),
('LR259_02', 'P259_의료인클럽대출', '6개월물 금융채 유통수익률', 2.516, 4.079, 0.9, 5.695, 6.595, '6개월'),
('LR259_03', 'P259_의료인클럽대출', '1년물 금융채 유통수익률', 2.498, 3.99, 0.9, 5.588, 6.488, '1년'),
('LR259_04', 'P259_의료인클럽대출', 'COFIX 신규취급액', 2.54, 4.055, 0.9, 5.695, 6.595, '6개월'),
('LR259_05', 'P259_의료인클럽대출', 'COFIX 신잔액', 2.63, 3.525, 0.9, 5.255, 6.155, '6개월'),
('LR260_01', 'P260_BEST신용대출', '91물 CD유통수익률', 2.5, 3.788, 0.9, 5.388, 6.288, '3개월'),
('LR260_02', 'P260_BEST신용대출', '6개월물 금융채 유통수익률', 2.516, 3.779, 0.9, 5.395, 6.295, '6개월'),
('LR260_03', 'P260_BEST신용대출', '1년물 금융채 유통수익률', 2.498, 3.69, 0.9, 5.288, 6.188, '1년'),
('LR260_04', 'P260_BEST신용대출', 'COFIX 신규취급액', 2.54, 3.755, 0.9, 5.395, 6.295, '6개월'),
('LR260_05', 'P260_BEST신용대출', 'COFIX 신잔액', 2.63, 3.225, 0.9, 4.955, 5.855, '6개월'),
('LR261_01', 'P261_행복연금대출', '91물 CD유통수익률', 2.5, 2.588, 0.6, 4.488, 5.088, '3개월'),
('LR261_02', 'P261_행복연금대출', '6개월물 금융채 유통수익률', 2.516, 2.579, 0.6, 4.495, 5.095, '6개월'),
('LR261_03', 'P261_행복연금대출', '1년물 금융채 유통수익률', 2.498, 2.48, 0.6, 4.378, 4.978, '1년'),
('LR261_04', 'P261_행복연금대출', 'COFIX 신규취급액', 2.54, 2.555, 0.6, 4.495, 5.095, '6개월'),
('LR261_05', 'P261_행복연금대출', 'COFIX 신잔액', 2.63, 2.025, 0.6, 4.055, 4.655, '6개월'),
('LR262_01', 'P262_CSS대출', '91물 CD유통수익률', 2.5, 4.088, 0.9, 5.688, 6.588, '3개월'),
('LR262_02', 'P262_CSS대출', '6개월물 금융채 유통수익률', 2.516, 4.079, 0.9, 5.695, 6.595, '6개월'),
('LR262_03', 'P262_CSS대출', '1년물 금융채 유통수익률', 2.498, 3.99, 0.9, 5.588, 6.488, '1년'),
('LR262_04', 'P262_CSS대출', 'COFIX 신규취급액', 2.54, 4.055, 0.9, 5.695, 6.595, '6개월'),
('LR262_05', 'P262_CSS대출', 'COFIX 신잔액', 2.63, 3.525, 0.9, 5.255, 6.155, '6개월'),
('LR263_01', 'P263_공무원연금수급권자대출', '91물 CD유통수익률', 2.5, 4.088, 0.9, 5.688, 6.588, '3개월'),
('LR263_02', 'P263_공무원연금수급권자대출', '6개월물 금융채 유통수익률', 2.516, 4.079, 0.9, 5.695, 6.595, '6개월'),
('LR263_03', 'P263_공무원연금수급권자대출', '1년물 금융채 유통수익률', 2.498, 3.99, 0.9, 5.588, 6.488, '1년'),
('LR263_04', 'P263_공무원연금수급권자대출', 'COFIX 신규취급액', 2.54, 4.055, 0.9, 5.695, 6.595, '6개월'),
('LR263_05', 'P263_공무원연금수급권자대출', 'COFIX 신잔액', 2.63, 3.525, 0.9, 5.255, 6.155, '6개월'),
('LR264_01', 'P264_군인생활안정자금대출', '91물 CD유통수익률', 2.5, 4.088, 0.9, 5.688, 6.588, '3개월'),
('LR264_02', 'P264_군인생활안정자금대출', '6개월물 금융채 유통수익률', 2.516, 4.079, 0.9, 5.695, 6.595, '6개월'),
('LR264_03', 'P264_군인생활안정자금대출', '1년물 금융채 유통수익률', 2.498, 3.99, 0.9, 5.588, 6.488, '1년'),
('LR264_04', 'P264_군인생활안정자금대출', 'COFIX 신규취급액', 2.54, 4.055, 0.9, 5.695, 6.595, '6개월'),
('LR264_05', 'P264_군인생활안정자금대출', 'COFIX 신잔액', 2.63, 3.525, 0.9, 5.255, 6.155, '6개월'),
('LR265_01', 'P265_원큐공무원가계자금대출', '6개월물 금융채 유통수익률', 2.516, 1.6, 0.6, 3.516, 4.116, '6개월'),
('LR266_01', 'P266_군인공제회_퇴직급여_적립금대출M', '신 잔액기준 COFIX', 2.63, 1.55, 0.6, 3.58, 4.18, '6개월'),
('LR267_01', 'P267_폐업지원대환대출_신용_1억원초과', '6개월물 금융채 유통수익률', 2.516, 4.079, 0.0, 6.595, 6.595, '6개월'),
('LR268_01', 'P268_핀크생활비대출', '6개월물 금융채 유통수익률', 2.516, 2.819, 0.0, 5.335, 5.335, '6개월'),
('LR269_01', 'P269_주택신보위탁발행보증서담보대출', '91일물 CD유통수익률', 2.5, 3.01, 1.4, 4.11, 5.51, '3개월'),
('LR269_02', 'P269_주택신보위탁발행보증서담보대출', '6개월물 금융채 유통수익률', 2.516, 3.002, 1.4, 4.118, 5.518, '6개월'),
('LR269_03', 'P269_주택신보위탁발행보증서담보대출', '1년물 금융채 유통수익률', 2.498, 3.036, 1.4, 4.134, 5.534, '1년'),
('LR269_04', 'P269_주택신보위탁발행보증서담보대출', '신규취급액기준 COFIX', 2.54, 2.978, 1.4, 4.118, 5.518, '6개월'),
('LR269_05', 'P269_주택신보위탁발행보증서담보대출', '신 잔액기준 COFIX', 2.63, 2.448, 1.4, 3.678, 5.078, '6개월'),
('LR270_01', 'P270_신혼부부전세론,다둥이전세론,복지지킴이', '91일물 CD유통수익률', 2.5, 2.85, 1.1, 4.25, 5.35, '3개월'),
('LR270_02', 'P270_신혼부부전세론,다둥이전세론,복지지킴이', '6개월물 금융채 유통수익률', 2.516, 2.842, 1.1, 4.258, 5.358, '6개월'),
('LR270_03', 'P270_신혼부부전세론,다둥이전세론,복지지킴이', '1년물 금융채 유통수익률', 2.498, 2.876, 1.1, 4.274, 5.374, '1년'),
('LR270_04', 'P270_신혼부부전세론,다둥이전세론,복지지킴이', '신규취급액기준 COFIX', 2.54, 2.818, 1.1, 4.258, 5.358, '6개월'),
('LR270_05', 'P270_신혼부부전세론,다둥이전세론,복지지킴이', '신 잔액기준 COFIX', 2.63, 2.288, 1.1, 3.818, 4.918, '6개월'),
('LR271_01', 'P271_우량주택전세론', '91일물 CD유통수익률', 2.5, 3.23, 1.3, 4.43, 5.73, '3개월'),
('LR271_02', 'P271_우량주택전세론', '6개월물 금융채 유통수익률', 2.516, 3.222, 1.3, 4.438, 5.738, '6개월'),
('LR271_03', 'P271_우량주택전세론', '1년물 금융채 유통수익률', 2.498, 3.256, 1.3, 4.454, 5.754, '1년'),
('LR271_04', 'P271_우량주택전세론', '신규취급액기준 COFIX', 2.54, 3.198, 1.3, 4.438, 5.738, '6개월'),
('LR271_05', 'P271_우량주택전세론', '신 잔액기준 COFIX', 2.63, 2.668, 1.3, 3.998, 5.298, '6개월'),
('LR272_01', 'P272_하나_전세금안심대출', '91일물 CD유통수익률', 2.5, 3.21, 1.1, 4.61, 5.71, '3개월'),
('LR272_02', 'P272_하나_전세금안심대출', '6개월물 금융채 유통수익률', 2.516, 3.202, 1.1, 4.618, 5.718, '6개월'),
('LR272_03', 'P272_하나_전세금안심대출', '1년물 금융채 유통수익률', 2.498, 3.236, 1.1, 4.634, 5.734, '1년'),
('LR272_04', 'P272_하나_전세금안심대출', '신규취급액기준 COFIX', 2.54, 3.178, 1.1, 4.618, 5.718, '6개월'),
('LR272_05', 'P272_하나_전세금안심대출', '신 잔액기준 COFIX', 2.63, 2.648, 1.1, 4.178, 5.278, '6개월'),
('LR273_01', 'P273_하나_부분분할상환_전세론', '91일물 CD유통수익률', 2.5, 3.0, 1.1, 4.4, 5.5, '3개월'),
('LR273_02', 'P273_하나_부분분할상환_전세론', '6개월물 금융채 유통수익률', 2.516, 2.992, 1.1, 4.408, 5.508, '6개월'),
('LR273_03', 'P273_하나_부분분할상환_전세론', '1년물 금융채 유통수익률', 2.498, 3.026, 1.1, 4.424, 5.524, '1년'),
('LR273_04', 'P273_하나_부분분할상환_전세론', '신규취급액기준 COFIX', 2.54, 2.968, 1.1, 4.408, 5.508, '6개월'),
('LR273_05', 'P273_하나_부분분할상환_전세론', '신 잔액기준 COFIX', 2.63, 2.438, 1.1, 3.968, 5.068, '6개월'),
('LR274_01', 'P274_목돈_안드는_행복전세', '91일물 CD유통수익률', 2.5, 2.45, 0.9, 4.05, 4.95, '3개월'),
('LR274_02', 'P274_목돈_안드는_행복전세', '6개월물 금융채 유통수익률', 2.516, 2.442, 0.9, 4.058, 4.958, '6개월'),
('LR274_03', 'P274_목돈_안드는_행복전세', '1년물 금융채 유통수익률', 2.498, 2.476, 0.9, 4.074, 4.974, '1년'),
('LR274_04', 'P274_목돈_안드는_행복전세', '신규취급액기준 COFIX', 2.54, 2.418, 0.9, 4.058, 4.958, '6개월'),
('LR274_05', 'P274_목돈_안드는_행복전세', '신 잔액기준 COFIX', 2.63, 1.888, 0.9, 3.618, 4.518, '6개월'),
('LR275_01', 'P275_주택신보_전세자금대출_갈아타기', '6개월물 금융채 유통수익률', 2.516, 1.992, 0.6, 3.908, 4.508, '6개월'),
('LR275_02', 'P275_주택신보_전세자금대출_갈아타기', '신 잔액기준 COFIX', 2.63, 1.438, 0.6, 3.468, 4.068, '6개월'),
('LR276_01', 'P276_신혼부부전세론_갈아타기', '6개월물 금융채 유통수익률', 2.516, 1.832, 0.6, 3.748, 4.348, '6개월'),
('LR276_02', 'P276_신혼부부전세론_갈아타기', '신 잔액기준 COFIX', 2.63, 1.278, 0.6, 3.308, 3.908, '6개월'),
('LR277_01', 'P277_다둥이전세론_갈아타기', '6개월물 금융채 유통수익률', 2.516, 1.832, 0.6, 3.748, 4.348, '6개월'),
('LR277_02', 'P277_다둥이전세론_갈아타기', '신 잔액기준 COFIX', 2.63, 1.278, 0.6, 3.308, 3.908, '6개월'),
('LR278_01', 'P278_우량주택전세론_갈아타기', '6개월물 금융채 유통수익률', 2.516, 2.062, 0.6, 3.978, 4.578, '6개월'),
('LR278_02', 'P278_우량주택전세론_갈아타기', '신 잔액기준 COFIX', 2.63, 2.048, 0.6, 3.538, 4.138, '6개월'),
('LR279_01', 'P279_전세금안심대출_갈아타기', '6개월물 금융채 유통수익률', 2.516, 1.982, 0.6, 3.898, 4.498, '6개월'),
('LR279_02', 'P279_전세금안심대출_갈아타기', '신 잔액기준 COFIX', 2.63, 1.428, 0.6, 3.458, 4.058, '6개월'),
('LR280_01', 'P280_하나_전세금안심대출M_P', '6개월물 금융채 유통수익률', 2.516, 2.192, 0.8, 3.908, 4.708, '6개월'),
('LR281_01', 'P281_서울특별시_청년_임차보증금대출M', '신 잔액기준 COFIX', 2.63, 1.45, 0.0, 4.08, 4.08, '6개월'),
('LR282_01', 'P282_군간부전세자금대출기본M', '신 잔액기준 COFIX', 2.63, 1.55, 0.0, 4.18, 4.18, '6개월');

-- Deposit 테이블 삽입
INSERT INTO Deposit (DepositProductID, Benefit, MaturityDate, Cost) VALUES
('P042_하나단체적금판매중단', '하나은행 하나단체적금(판매중단) 혜택', '2025-12-31', 0.00),
('P043_펫사랑_적금', '하나은행 펫사랑 적금 혜택', '2025-12-31', 0.00),
('P044_하나일리있는적금판매중단', '하나은행 하나일리있는적금(판매중단) 혜택', '2025-12-31', 0.00),
('P045_하나의_여행_적금판매중단', '하나은행 하나의 여행 적금(판매중단) 혜택', '2025-12-31', 0.00),
('P046_태아_사랑하나_적금판매중단', '하나은행 태아 사랑하나 적금(판매중단) 혜택', '2025-12-31', 0.00),
('P047_하나_타이밍_적금', '하나은행 하나 타이밍 적금 혜택', '2025-12-31', 0.00),
('P048_하나_합_적금판매중단', '하나은행 하나 합 적금(판매중단) 혜택', '2025-12-31', 0.00),
('P049_에너지_챌린지_적금판매중단', '하나은행 에너지 챌린지 적금(판매중단) 혜택', '2025-12-31', 0.00),
('P050_하나_청년희망_적금판매중단', '하나은행 하나 청년희망 적금(판매중단) 혜택', '2025-12-31', 0.00),
('P051_희망저축계좌I', '하나은행 희망저축계좌I 혜택', '2025-12-31', 0.00),
('P053_희망저축계좌II', '하나은행 희망저축계좌II 혜택', '2025-12-31', 0.00),
('P054_청년내일저축계좌', '하나은행 청년내일저축계좌 혜택', '2025-12-31', 0.00),
('P055_하나_나눔_적금판매중단', '하나은행 하나 나눔 적금(판매중단) 혜택', '2025-12-31', 0.00),
('P056_Best_11_적금판매중단', '하나은행 Best 11 적금(판매중단) 혜택', '2025-12-31', 0.00),
('P057_부자씨_적금', '하나은행 부자씨 적금 혜택', '2025-12-31', 0.00),
('P058_하나_아이키움_적금', '하나은행 하나 아이키움 적금 혜택', '2025-12-31', 0.00),
('P059_대전하나_축구사랑_적금', '하나은행 대전하나 축구사랑 적금 혜택', '2025-12-31', 0.00),
('P061_대전시_미래두배_청년통장', '하나은행 대전시 미래두배 청년통장 혜택', '2025-12-31', 0.00),
('P063_트래블로그_여행_적금', '하나은행 트래블로그 여행 적금 혜택', '2025-12-31', 0.00),
('P064_하나_청년도약플러스_적금', '하나은행 하나 청년도약플러스 적금 혜택', '2025-12-31', 0.00),
('P065_K리그우승_적금', '하나은행 (K리그)우승 적금 혜택', '2025-12-31', 0.00),
('P066_달달하나_적금', '하나은행 달달하나 적금 혜택', '2025-12-31', 0.00),
('P067_하나_중소기업재직자_우대저축', '하나은행 하나 중소기업재직자 우대저축 혜택', '2025-12-31', 0.00),
('P068_하나더소호_가맹점_적금', '하나은행 하나더소호 가맹점 적금 혜택', '2025-12-31', 0.00),
('P069_하나더이지_적금', '하나은행 하나더이지 적금 혜택', '2025-12-31', 0.00),
('P070_대한민국만세_80주년적금', '하나은행 대한민국만세_80주년적금 혜택', '2025-12-31', 0.00),
('P071_오!_필승코리아_적금_2018판매중단', '하나은행 오! 필승코리아 적금 2018(판매중단) 혜택', '2025-12-31', 0.00),
('P072_시티즌_팬사랑_적금판매중단', '하나은행 시티즌 팬사랑 적금(판매중단) 혜택', '2025-12-31', 0.00),
('P073_내맘_적금', '하나은행 내맘 적금 혜택', '2025-12-31', 0.00),
('P074_하나머니세상_적금판매중단', '하나은행 하나머니세상 적금(판매중단) 혜택', '2025-12-31', 0.00),
('P075_청년희망키움통장중앙자활센터판매중단', '하나은행 청년희망키움통장(중앙자활센터)(판매중단) 혜택', '2025-12-31', 0.00),
('P076_대전시청년희망통장위탁기관', '하나은행 대전시청년희망통장(위탁기관) 혜택', '2025-12-31', 0.00),
('P077_오늘은_얼마니?_적금판매중단', '하나은행 오늘은 얼마니? 적금(판매중단) 혜택', '2025-12-31', 0.00),
('P078_도전_365_적금', '하나은행 도전 365 적금 혜택', '2025-12-31', 0.00),
('P079_자유적금', '하나은행 자유적금 혜택', '2025-12-31', 0.00),
('P080_T핀크적금판매중단', '하나은행 T핀크적금(판매중단) 혜택', '2025-12-31', 0.00),
('P081_하나된_평창_적금판매중단', '하나은행 하나된 평창 적금(판매중단) 혜택', '2025-12-31', 0.00),
('P082_내집마련더블업적금', '하나은행 내집마련더블업적금 혜택', '2025-12-31', 0.00),
('P083_두리하나_적금판매중단', '하나은행 두리하나 적금(판매중단) 혜택', '2025-12-31', 0.00),
('P084_K리그_팬사랑_적금판매중단', '하나은행 K리그 팬사랑 적금(판매중단) 혜택', '2025-12-31', 0.00),
('P085_LPGA_팬사랑_적금판매중단', '하나은행 LPGA 팬사랑 적금(판매중단) 혜택', '2025-12-31', 0.00),
('P086_하나멤버스_주거래_우대적금판매중단', '하나은행 하나멤버스 주거래 우대적금(판매중단) 혜택', '2025-12-31', 0.00),
('P087_Young_하나_적금판매중단', '하나은행 Young 하나 적금(판매중단) 혜택', '2025-12-31', 0.00),
('P088_행복Together적금판매중단', '하나은행 행복Together적금(판매중단) 혜택', '2025-12-31', 0.00),
('P089_바보의_나눔_적금판매중단', '하나은행 바보의 나눔 적금(판매중단) 혜택', '2025-12-31', 0.00),
('P090_늘하나적금판매중단', '하나은행 늘하나적금(판매중단) 혜택', '2025-12-31', 0.00),
('P091_나라지킴이_적금판매중단', '하나은행 나라지킴이 적금(판매중단) 혜택', '2025-12-31', 0.00),
('P092_아이_사랑해_적금판매중단', '하나은행 (아이) 사랑해 적금(판매중단) 혜택', '2025-12-31', 0.00),
('P093_오!_필승_코리아_적금_2016판매중', '하나은행 오! 필승 코리아 적금 2016(판매중단) 혜택', '2025-12-31', 0.00),
('P094_119_생명지킴이_적금판매중단', '하나은행 119 생명지킴이 적금(판매중단) 혜택', '2025-12-31', 0.00),
('P095_희망_키움_통장II___중앙자활센터판', '하나은행 희망 키움 통장II - 중앙자활센터(판매중단) 혜택', '2025-12-31', 0.00),
('P096_넘버엔월복리_적금판매중단', '하나은행 넘버엔월복리 적금(판매중단) 혜택', '2025-12-31', 0.00),
('P097_씨크릿_적금판매중단', '하나은행 씨크릿 적금(판매중단) 혜택', '2025-12-31', 0.00),
('P098_윙고빙고_적금판매중단', '하나은행 윙고빙고 적금(판매중단) 혜택', '2025-12-31', 0.00),
('P099_e_플러스_적금판매중단', '하나은행 e-플러스 적금(판매중단) 혜택', '2025-12-31', 0.00),
('P100_Self_Gifting_셀프_기프팅_', '하나은행 Self-Gifting (셀프-기프팅) 적금(판매중단) 혜택', '2025-12-31', 0.00),
('P101_Easy_One_Pack_이지원_팩_', '하나은행 Easy-One Pack (이지원 팩) 적금(판매중단) 혜택', '2025-12-31', 0.00),
('P102_함께하는_사랑_적금판매중단', '하나은행 함께하는 사랑 적금(판매중단) 혜택', '2025-12-31', 0.00),
('P103_꿈나무_적금판매중단', '하나은행 꿈나무 적금(판매중단) 혜택', '2025-12-31', 0.00),
('P104_나의_소원_적금판매중단', '하나은행 나의 소원 적금(판매중단) 혜택', '2025-12-31', 0.00),
('P105_1004나눔_적금판매중단', '하나은행 1004나눔 적금(판매중단) 혜택', '2025-12-31', 0.00),
('P106_나이스_샷_골프_적금판매중단', '하나은행 나이스 샷 골프 적금(판매중단) 혜택', '2025-12-31', 0.00),
('P107_행복ㆍ건강_S_라인적금판매중단', '하나은행 행복ㆍ건강 S-라인적금(판매중단) 혜택', '2025-12-31', 0.00),
('P108_행복한_가족_적금판매중단', '하나은행 행복한 가족 적금(판매중단) 혜택', '2025-12-31', 0.00),
('P109_순천만정원_사랑_적금판매중단', '하나은행 순천만정원 사랑 적금(판매중단) 혜택', '2025-12-31', 0.00),
('P110_행복나눔_적금판매중단', '하나은행 행복나눔 적금(판매중단) 혜택', '2025-12-31', 0.00),
('P111_하나_미소드림_적금', '하나은행 하나 미소드림 적금 혜택', '2025-12-31', 0.00),
('P112_168_적금판매중단', '하나은행 168 적금(판매중단) 혜택', '2025-12-31', 0.00),
('P113_새희망_근로_적금판매중단', '하나은행 새희망 근로 적금(판매중단) 혜택', '2025-12-31', 0.00),
('P114_희망키움_통장고객판매중단', '하나은행 희망키움 통장(고객)(판매중단) 혜택', '2025-12-31', 0.00),
('P115_희망키움_통장중앙자활센터판매중단', '하나은행 희망키움 통장(중앙자활센터)(판매중단) 혜택', '2025-12-31', 0.00),
('P116_내일키움_통장고객판매중단', '하나은행 내일키움 통장(고객)(판매중단) 혜택', '2025-12-31', 0.00),
('P117_내일키움_통장중앙자활센터판매중단', '하나은행 내일키움 통장(중앙자활센터)(판매중단) 혜택', '2025-12-31', 0.00),
('P118_희망_키움_통장II___고객판매중단', '하나은행 희망 키움 통장II - 고객(판매중단) 혜택', '2025-12-31', 0.00),
('P119_미래_행복_통장개인', '하나은행 미래 행복 통장(개인) 혜택', '2025-12-31', 0.00),
('P120_정기적금', '하나은행 정기적금 혜택', '2025-12-31', 0.00),
('P124_신비과세_장기저축판매중단', '하나은행 신비과세 장기저축(판매중단) 혜택', '2025-12-31', 0.00),
('P125_신비과세_장기저축보너스형판매중단', '하나은행 신비과세 장기저축(보너스형)(판매중단) 혜택', '2025-12-31', 0.00),
('P126_하나_My_Plan_비과세저축판매중단', '하나은행 하나 My Plan 비과세저축(판매중단) 혜택', '2025-12-31', 0.00),
('P127_하나_비과세_복리적금판매중단', '하나은행 하나 비과세 복리적금(판매중단) 혜택', '2025-12-31', 0.00),
('P129_부자되는_적금판매중단', '하나은행 부자되는 적금(판매중단) 혜택', '2025-12-31', 0.00),
('P130_난_할_수_있어_적금2판매중단', '하나은행 난 할 수 있어 적금2(판매중단) 혜택', '2025-12-31', 0.00),
('P131_하나_와인처럼_적금판매중단', '하나은행 하나 와인처럼 적금(판매중단) 혜택', '2025-12-31', 0.00),
('P132_하나_재형저축판매중단', '하나은행 하나 재형저축(판매중단) 혜택', '2025-12-31', 0.00),
('P133_신재형저축판매중단', '하나은행 신재형저축(판매중단) 혜택', '2025-12-31', 0.00),
('P134_내자녀_성공기_적금판매중단', '하나은행 내자녀 성공기 적금(판매중단) 혜택', '2025-12-31', 0.00),
('P135_두리하나_정기예금판매중단', '하나은행 두리하나 정기예금(판매중단) 혜택', '2025-12-31', 0.00),
('P136_황금드림_정기예금판매중단', '하나은행 황금드림 정기예금(판매중단) 혜택', '2025-12-31', 0.00),
('P137_특판정기예금한시판매', '하나은행 특판정기예금(한시판매) 혜택', '2025-12-31', 0.00),
('P138_하나원큐_정기예금판매중단', '하나은행 하나원큐 정기예금(판매중단) 혜택', '2025-12-31', 0.00),
('P139_언제나청춘정기예금판매중단', '하나은행 언제나청춘정기예금(판매중단) 혜택', '2025-12-31', 0.00),
('P140_하나더예금판매중단', '하나은행 하나더예금(판매중단) 혜택', '2025-12-31', 0.00),
('P141_하나의_정기예금', '하나은행 하나의 정기예금 혜택', '2025-12-31', 0.00),
('P142_1년_연동형_정기예금보증보험용', '하나은행 1년 연동형 정기예금(보증보험용) 혜택', '2025-12-31', 0.00),
('P143_행복Together정기예금판매중단', '하나은행 행복Together정기예금(판매중단) 혜택', '2025-12-31', 0.00),
('P144_오!_필승코리아_정기예금_2016판매', '하나은행 오! 필승코리아 정기예금 2016(판매중단) 혜택', '2025-12-31', 0.00),
('P145_리틀빅_정기예금판매중단', '하나은행 리틀빅 정기예금(판매중단) 혜택', '2025-12-31', 0.00),
('P146_하나된_평창_정기예금판매중단', '하나은행 하나된 평창 정기예금(판매중단) 혜택', '2025-12-31', 0.00),
('P147_MMDA형_정기예금판매중단', '하나은행 MMDA형 정기예금(판매중단) 혜택', '2025-12-31', 0.00),
('P148_행복knowhow_연금예금', '하나은행 행복knowhow 연금예금 혜택', '2025-12-31', 0.00),
('P149_N플러스_정기예금판매중단', '하나은행 N플러스 정기예금(판매중단) 혜택', '2025-12-31', 0.00),
('P150_Easy_One_Pack이지원_팩_정', '하나은행 Easy-One Pack(이지원 팩) 정기예금(판매중단) 혜택', '2025-12-31', 0.00),
('P151_e_플러스_정기예금판매중단', '하나은행 e-플러스 정기예금(판매중단) 혜택', '2025-12-31', 0.00),
('P152_369_정기예금', '하나은행 369 정기예금 혜택', '2025-12-31', 0.00),
('P153_펀드사랑_정기예금판매중단', '하나은행 펀드사랑 정기예금(판매중단) 혜택', '2025-12-31', 0.00),
('P154_CD연동_정기예금판매중단', '하나은행 CD연동 정기예금(판매중단) 혜택', '2025-12-31', 0.00),
('P156_주거래_정기예금판매중단', '하나은행 주거래 정기예금(판매중단) 혜택', '2025-12-31', 0.00),
('P157_하나머니세상_정기예금판매중단', '하나은행 하나머니세상 정기예금(판매중단) 혜택', '2025-12-31', 0.00),
('P158_양도성_예금증서CD', '하나은행 양도성 예금증서(CD) 혜택', '2025-12-31', 0.00),
('P161_빅팟BIGPOT_정기예금판매중단', '하나은행 빅팟(BIGPOT) 정기예금(판매중단) 혜택', '2025-12-31', 0.00),
('P162_하도급대금협력통장', '하나은행 하도급대금협력통장 혜택', '2025-12-31', 0.00),
('P163_YES골드점프예금MMDA,_법인', '하나은행 YES골드점프예금(MMDA, 법인) 혜택', '2025-12-31', 0.00),
('P164_급여하나_통장', '하나은행 급여하나 통장 혜택', '2025-12-31', 0.00),
('P165_하나더넥스트_연금_통장', '하나은행 하나더넥스트 연금 통장 혜택', '2025-12-31', 0.00),
('P166_건설_하나로_통장', '하나은행 건설 하나로 통장 혜택', '2025-12-31', 0.00),
('P168_머니박스_통장_기본금리판매중단', '하나은행 머니박스 통장 기본금리(판매중단) 혜택', '2025-12-31', 0.00),
('P169_머니박스_통장_우대금리파킹_우대', '하나은행 머니박스 통장 우대금리(파킹 우대) 혜택', '2025-12-31', 0.00),
('P170_머니박스_통장_우대금리파킹_플러스_우', '하나은행 머니박스 통장 우대금리(파킹 플러스 우대) 혜택', '2025-12-31', 0.00),
('P171_네이버페이머니_하나통장', '하나은행 네이버페이머니 하나통장 혜택', '2025-12-31', 0.00),
('P172_경기기회사다리_통장', '하나은행 경기기회사다리 통장 혜택', '2025-12-31', 0.00),
('P173_쿠팡_셀러_통장', '하나은행 쿠팡 셀러 통장 혜택', '2025-12-31', 0.00),
('P174_당근머니_하나_통장', '하나은행 당근머니 하나 통장 혜택', '2025-12-31', 0.00),
('P175_달달_하나_통장', '하나은행 달달 하나 통장 혜택', '2025-12-31', 0.00),
('P176_지역장려금_하나통장', '하나은행 (지역장려금) 하나통장 혜택', '2025-12-31', 0.00),
('P177_하나된_평창_통장판매중단', '하나은행 하나된 평창 통장(판매중단) 혜택', '2025-12-31', 0.00),
('P179_주거래하나_통장', '하나은행 주거래하나 통장 혜택', '2025-12-31', 0.00),
('P180_하나_군인연금_평생안심통장', '하나은행 하나 군인연금 평생안심통장 혜택', '2025-12-31', 0.00),
('P181_영하나플러스_통장', '하나은행 영하나플러스 통장 혜택', '2025-12-31', 0.00),
('P182_보통예금', '하나은행 보통예금 혜택', '2025-12-31', 0.00),
('P183_저축예금', '하나은행 저축예금 혜택', '2025-12-31', 0.00),
('P184_기업자유예금', '하나은행 기업자유예금 혜택', '2025-12-31', 0.00),
('P185_가계당좌예금', '하나은행 가계당좌예금 혜택', '2025-12-31', 0.00),
('P188_행복knowhow_주거래_우대통장판매', '하나은행 행복knowhow 주거래 우대통장(판매중단) 혜택', '2025-12-31', 0.00),
('P189_하나멤버스_주거래통장판매중단', '하나은행 하나멤버스 주거래통장(판매중단) 혜택', '2025-12-31', 0.00),
('P190_119생명지킴이_통장_II판매중단', '하나은행 119생명지킴이 통장 II(판매중단) 혜택', '2025-12-31', 0.00),
('P191_뱅크월렛_카카오통장판매중단', '하나은행 뱅크월렛 카카오통장(판매중단) 혜택', '2025-12-31', 0.00),
('P192_힘내라!_직장인_우대_통장판매중단', '하나은행 힘내라! 직장인 우대 통장(판매중단) 혜택', '2025-12-31', 0.00),
('P193_하나_플러스_통장', '하나은행 하나 플러스 통장 혜택', '2025-12-31', 0.00),
('P195_SK텔레콤_통신비_결제통장판매중단', '하나은행 SK텔레콤 통신비 결제통장(판매중단) 혜택', '2025-12-31', 0.00),
('P196_바보의_나눔_통장', '하나은행 바보의 나눔 통장 혜택', '2025-12-31', 0.00),
('P197_WINGO윙고_통장판매중단', '하나은행 WINGO(윙고) 통장(판매중단) 혜택', '2025-12-31', 0.00),
('P198_Easy_One_Pack_이지원_팩_', '하나은행 Easy-One Pack (이지원 팩) 통장 혜택', '2025-12-31', 0.00),
('P199_행복나눔_통장', '하나은행 행복나눔 통장 혜택', '2025-12-31', 0.00),
('P200_119_생명지킴이_통장판매중단', '하나은행 119 생명지킴이 통장(판매중단) 혜택', '2025-12-31', 0.00),
('P201_BIGPOT_통장판매중단', '하나은행 BIGPOT 통장(판매중단) 혜택', '2025-12-31', 0.00),
('P202_168_통장판매중단', '하나은행 168 통장(판매중단) 혜택', '2025-12-31', 0.00),
('P203_함께하는_사랑_통장', '하나은행 함께하는 사랑 통장 혜택', '2025-12-31', 0.00),
('P204_하나_희망지킴이_통장판매중단', '하나은행 하나 희망지킴이 통장(판매중단) 혜택', '2025-12-31', 0.00),
('P205_하나_국민연금_안심통장', '하나은행 하나 국민연금 안심통장 혜택', '2025-12-31', 0.00),
('P206_하나_공무원연금_안심통장', '하나은행 하나 공무원연금 안심통장 혜택', '2025-12-31', 0.00),
('P207_하나_퇴직공제금_지킴이_통장판매중단', '하나은행 하나 퇴직공제금 지킴이 통장(판매중단) 혜택', '2025-12-31', 0.00),
('P208_하나_행복지킴이_통장', '하나은행 하나 행복지킴이 통장 혜택', '2025-12-31', 0.00),
('P209_사학연금평생안심통장', '하나은행 사학연금평생안심통장 혜택', '2025-12-31', 0.00),
('P210_Young_하나_통장판매중단', '하나은행 Young 하나 통장(판매중단) 혜택', '2025-12-31', 0.00),
('P211_모임통장', '하나은행 모임통장 혜택', '2025-12-31', 0.00),
('P212_YES점프예금MMDA,개인판매중단', '하나은행 YES점프예금(MMDA,개인)(판매중단) 혜택', '2025-12-31', 0.00),
('P213_YES점프예금MMDA,법인판매중단', '하나은행 YES점프예금(MMDA,법인)(판매중단) 혜택', '2025-12-31', 0.00),
('P214_하나_관리비_통장판매중단', '하나은행 하나 관리비 통장(판매중단) 혜택', '2025-12-31', 0.00),
('P215_하나_기부금_통장판매중단', '하나은행 하나 기부금 통장(판매중단) 혜택', '2025-12-31', 0.00),
('P216_하나_여우_통장판매중단', '하나은행 하나 여우 통장(판매중단) 혜택', '2025-12-31', 0.00),
('P217_하나_피스컵지원_통장판매중단', '하나은행 하나 피스컵지원 통장(판매중단) 혜택', '2025-12-31', 0.00),
('P218_기아차통장판매중단', '하나은행 기아차통장(판매중단) 혜택', '2025-12-31', 0.00),
('P219_부자되는_연금통장하나_행복연금통장판매', '하나은행 부자되는 연금통장(하나 행복연금통장)(판매중단) 혜택', '2025-12-31', 0.00),
('P220_부자되는_사장님_통장판매중단', '하나은행 부자되는 사장님 통장(판매중단) 혜택', '2025-12-31', 0.00),
('P221_하나_빅팟_슈퍼_월급통장판매중단', '하나은행 하나 빅팟 슈퍼 월급통장(판매중단) 혜택', '2025-12-31', 0.00),
('P252_하나원큐새희망홀씨II', '하나은행 하나원큐새희망홀씨II 혜택', '2025-12-31', 0.00),
('P253_하나_새희망홀씨II', '하나은행 하나 새희망홀씨II 혜택', '2025-12-31', 0.00);

-- Loan 테이블 삽입
INSERT INTO Loan (LoanProductID, LoanInterestRate, RepaymentPeriod, MaxLoanAmount, CollateralRequired) VALUES
('P062_청년주택드림청약통장', 0.0, 120, 100000000.00, false),
('P122_주택청약부금', 2.85, 120, 100000000.00, false),
('P123_주택청약종합저축', 0.0, 120, 100000000.00, false),
('P128_장기주택마련저축판매중단', 3.1, 120, 100000000.00, false),
('P155_주택청약예금', 2.1, 120, 100000000.00, false),
('P167_하나_주택연금_지킴이_통장', 0.1, 120, 100000000.00, false),
('P178_KEb하나_보증서_담보대출_입금전용계', 0.1, 120, 100000000.00, false),
('P194_사업자_주거래_우대통장', 0.1, 120, 100000000.00, false),
('P222_하나원큐아파트론혼합', 2.794, 120, 100000000.00, false),
('P223_하나원큐아파트론변동', 2.516, 120, 100000000.00, false),
('P224_하나원큐주택담보대출혼합', 2.794, 120, 100000000.00, false),
('P225_하나원큐주택담보대출변동', 2.516, 120, 100000000.00, false),
('P226_하나_혼합금리_모기지론', 2.794, 120, 100000000.00, false),
('P227_하나_변동금리_모기지론', 2.63, 120, 100000000.00, false),
('P228_하나_주택담보대출_갈아타기혼합', 2.794, 120, 100000000.00, false),
('P229_하나_주택담보대출_갈아타기변동', 2.516, 120, 100000000.00, false),
('P230_하나_주거용_오피스텔담보대출_갈아타기', 2.63, 120, 100000000.00, false),
('P231_의료인_보증서_담보대출', 2.516, 120, 100000000.00, false),
('P232_e의료인_보증서_담보대출', 2.516, 120, 100000000.00, false),
('P233_하나햇살론뱅크', 2.498, 120, 100000000.00, false),
('P234_하나원큐비상금대출', 2.498, 120, 100000000.00, false),
('P235_하나_주거용_오피스텔담보대출MCI/M', 2.63, 120, 100000000.00, false),
('P236_보증보험담보대출', 2.63, 120, 100000000.00, false),
('P237_1Q오토론,EV오토론', 2.63, 120, 100000000.00, false),
('P238_하나_인테리어대출', 2.516, 120, 100000000.00, false),
('P239_하나_역모기지론', 2.63, 120, 100000000.00, false),
('P240_예금담보대출', 0.0, 120, 100000000.00, false),
('P241_유동화적격_대출', 0.0, 120, 100000000.00, false),
('P242_폐업지원대환대출_주택', 2.794, 120, 100000000.00, false),
('P243_페업지원대환대출_오피스텔', 2.794, 120, 100000000.00, false),
('P244_폐업지원대환대출_기타부동산', 2.794, 120, 100000000.00, false),
('P245_하나원큐신용대출우량', 2.516, 120, 100000000.00, false),
('P246_하나원큐신용대출일반', 2.516, 120, 100000000.00, false),
('P247_하나원큐신용대출중금리', 2.516, 120, 100000000.00, false),
('P248_하나원큐신용대출_갈아타기우량', 2.63, 120, 100000000.00, false),
('P249_하나원큐_연금대출', 2.516, 120, 100000000.00, false),
('P250_하나주거래대출M', 2.516, 120, 100000000.00, false),
('P251_씨티갈아타기대출', 2.516, 120, 100000000.00, false),
('P254_프리미엄직장인론,공무원클럽대출', 2.63, 120, 100000000.00, false),
('P255_닥터클럽대출골드', 2.63, 120, 100000000.00, false),
('P256_로이어클럽대출', 2.63, 120, 100000000.00, false),
('P257_전문직클럽대출', 2.63, 120, 100000000.00, false),
('P258_하나수의사클럽대출', 2.63, 120, 100000000.00, false),
('P259_의료인클럽대출', 2.63, 120, 100000000.00, false),
('P260_BEST신용대출', 2.63, 120, 100000000.00, false),
('P261_행복연금대출', 2.63, 120, 100000000.00, false),
('P262_CSS대출', 2.63, 120, 100000000.00, false),
('P263_공무원연금수급권자대출', 2.63, 120, 100000000.00, false),
('P264_군인생활안정자금대출', 2.63, 120, 100000000.00, false),
('P265_원큐공무원가계자금대출', 2.516, 120, 100000000.00, false),
('P266_군인공제회_퇴직급여_적립금대출M', 2.63, 120, 100000000.00, false),
('P267_폐업지원대환대출_신용_1억원초과', 2.516, 120, 100000000.00, false),
('P268_핀크생활비대출', 2.516, 120, 100000000.00, false),
('P269_주택신보위탁발행보증서담보대출', 2.63, 120, 100000000.00, false),
('P270_신혼부부전세론,다둥이전세론,복지지킴이', 2.63, 120, 100000000.00, false),
('P271_우량주택전세론', 2.63, 120, 100000000.00, false),
('P272_하나_전세금안심대출', 2.63, 120, 100000000.00, false),
('P273_하나_부분분할상환_전세론', 2.63, 120, 100000000.00, false),
('P274_목돈_안드는_행복전세', 2.63, 120, 100000000.00, false),
('P275_주택신보_전세자금대출_갈아타기', 2.63, 120, 100000000.00, false),
('P276_신혼부부전세론_갈아타기', 2.63, 120, 100000000.00, false),
('P277_다둥이전세론_갈아타기', 2.63, 120, 100000000.00, false),
('P278_우량주택전세론_갈아타기', 2.63, 120, 100000000.00, false),
('P279_전세금안심대출_갈아타기', 2.63, 120, 100000000.00, false),
('P280_하나_전세금안심대출M_P', 2.516, 120, 100000000.00, false),
('P281_서울특별시_청년_임차보증금대출M', 2.63, 120, 100000000.00, false),
('P282_군간부전세자금대출기본M', 2.63, 120, 100000000.00, false);

