-- 모든 상품 데이터 삽입

-- Product 테이블 삽입
INSERT INTO Product (ProductID, ProductName, ProductType, Description, LaunchDate, SalesStatus, MinAmount, MaxAmount, BaseRate) VALUES
('P032_청년희망키움통장손님판매중단', '청년희망키움통장(손님)(판매중단)', '적금', '하나은행 청년희망키움통장(손님)(판매중단) 상품', '2022-01-01', '판매중단', 100000.00, 100000000.00, 2.0),
('P033_아이_꿈하나_적금', '아이 꿈하나 적금', '적금', '하나은행 아이 꿈하나 적금 상품', '2022-01-01', '판매중', 100000.00, 100000000.00, 2.95),
('P034_대전시청년희망통장고객판매중단', '대전시청년희망통장(고객)(판매중단)', '적금', '하나은행 대전시청년희망통장(고객)(판매중단) 상품', '2022-01-01', '판매중단', 100000.00, 100000000.00, 2.8),
('P035_급여하나_월복리_적금', '급여하나 월복리 적금', '적금', '하나은행 급여하나 월복리 적금 상품', '2022-01-01', '판매중', 100000.00, 100000000.00, 2.75),
('P036_연금하나_월복리_적금', '연금하나 월복리 적금', '적금', '하나은행 연금하나 월복리 적금 상품', '2022-01-01', '판매중', 100000.00, 100000000.00, 2.95),
('P037_주거래하나_월복리_적금', '주거래하나 월복리 적금', '적금', '하나은행 주거래하나 월복리 적금 상품', '2022-01-01', '판매중', 100000.00, 100000000.00, 2.75),
('P038_하나_장병내일준비적금', '하나 장병내일준비적금', '적금', '하나은행 하나 장병내일준비적금 상품', '2022-01-01', '판매중', 100000.00, 100000000.00, 3.5),
('P039_간편_적금판매중단', '간편 적금(판매중단)', '적금', '하나은행 간편 적금(판매중단) 상품', '2022-01-01', '판매중단', 100000.00, 100000000.00, 0.6),
('P040_하나_더_적금한시판매', '하나 더 적금(한시판매)', '적금', '하나은행 하나 더 적금(한시판매) 상품', '2022-01-01', '한시판매', 100000.00, 100000000.00, 3.56),
('P041_미래_행복_통장기관', '미래 행복 통장(기관)', '적금', '하나은행 미래 행복 통장(기관) 상품', '2022-01-01', '판매중', 100000.00, 100000000.00, 1.5),
('P042_제휴_적금판매중단', '제휴 적금(판매중단)', '적금', '하나은행 제휴 적금(판매중단) 상품', '2022-01-01', '판매중단', 100000.00, 100000000.00, 3.15),
('P043_하나_원큐_적금판매중단', '하나 원큐 적금(판매중단)', '적금', '하나은행 하나 원큐 적금(판매중단) 상품', '2022-01-01', '판매중단', 100000.00, 100000000.00, 2.3),
('P044_하나_아동수당_적금판매중단', '하나 아동수당 적금(판매중단)', '적금', '하나은행 하나 아동수당 적금(판매중단) 상품', '2022-01-01', '판매중단', 100000.00, 100000000.00, 0.25),
('P045_마이트립My_Trip적금_일반형판매중', '마이트립(My Trip)적금-(일반형)(판매중단)', '적금', '하나은행 마이트립(My Trip)적금-(일반형)(판매중단) 상품', '2022-01-01', '판매중단', 100000.00, 100000000.00, 0.5),
('P046_마이트립My_Trip적금_마일리지l형', '마이트립(My Trip)적금-(마일리지l형)(판매중단)', '적금', '하나은행 마이트립(My Trip)적금-(마일리지l형)(판매중단) 상품', '2022-01-01', '판매중단', 100000.00, 100000000.00, 0.5),
('P047_마이트립My_Trip적금_마일리지ll', '마이트립(My Trip)적금-(마일리지ll형)(판매중단)', '적금', '하나은행 마이트립(My Trip)적금-(마일리지ll형)(판매중단) 상품', '2022-01-01', '판매중단', 100000.00, 100000000.00, 0.5),
('P048_평생_군인_적금', '평생 군인 적금', '적금', '하나은행 평생 군인 적금 상품', '2022-01-01', '판매중', 100000.00, 100000000.00, 1.25),
('P049_금연성공_적금판매중단', '금연성공 적금(판매중단)', '적금', '하나은행 금연성공 적금(판매중단) 상품', '2022-01-01', '판매중단', 100000.00, 100000000.00, 0.75),
('P050_청년저축계좌개인판매중단', '청년저축계좌(개인)(판매중단)', '적금', '하나은행 청년저축계좌(개인)(판매중단) 상품', '2022-01-01', '판매중단', 100000.00, 100000000.00, 2.0),
('P051_청년저축계좌기관판매중단', '청년저축계좌(기관)(판매중단)', '적금', '하나은행 청년저축계좌(기관)(판매중단) 상품', '2022-01-01', '판매중단', 100000.00, 100000000.00, 1.5),
('P052_손님케어적금', '손님케어적금', '적금', '하나은행 손님케어적금 상품', '2022-01-01', '판매중', 100000.00, 100000000.00, 3.1),
('P053_하나단체적금판매중단', '하나단체적금(판매중단)', '적금', '하나은행 하나단체적금(판매중단) 상품', '2022-01-01', '판매중단', 100000.00, 100000000.00, 1.0),
('P054_펫사랑_적금', '펫사랑 적금', '적금', '하나은행 펫사랑 적금 상품', '2022-01-01', '판매중', 100000.00, 100000000.00, 2.3),
('P055_하나일리있는적금판매중단', '하나일리있는적금(판매중단)', '적금', '하나은행 하나일리있는적금(판매중단) 상품', '2022-01-01', '판매중단', 100000.00, 100000000.00, 0.8),
('P056_하나의_여행_적금판매중단', '하나의 여행 적금(판매중단)', '적금', '하나은행 하나의 여행 적금(판매중단) 상품', '2022-01-01', '판매중단', 100000.00, 100000000.00, 3.3),
('P057_태아_사랑하나_적금판매중단', '태아 사랑하나 적금(판매중단)', '적금', '하나은행 태아 사랑하나 적금(판매중단) 상품', '2022-01-01', '판매중단', 100000.00, 100000000.00, 1.0),
('P058_하나_타이밍_적금', '하나 타이밍 적금', '적금', '하나은행 하나 타이밍 적금 상품', '2022-01-01', '판매중', 100000.00, 100000000.00, 2.7),
('P059_하나_합_적금판매중단', '하나 합 적금(판매중단)', '적금', '하나은행 하나 합 적금(판매중단) 상품', '2022-01-01', '판매중단', 100000.00, 100000000.00, 2.1),
('P060_에너지_챌린지_적금판매중단', '에너지 챌린지 적금(판매중단)', '적금', '하나은행 에너지 챌린지 적금(판매중단) 상품', '2022-01-01', '판매중단', 100000.00, 100000000.00, 1.3),
('P061_하나_청년희망_적금판매중단', '하나 청년희망 적금(판매중단)', '적금', '하나은행 하나 청년희망 적금(판매중단) 상품', '2022-01-01', '판매중단', 100000.00, 100000000.00, 5.0),
('P062_희망저축계좌I', '희망저축계좌I', '적금', '하나은행 희망저축계좌I 상품', '2022-01-01', '판매중', 100000.00, 100000000.00, 2.0),
('P063_근로소득장려금', '근로소득장려금', '기타', '하나은행 근로소득장려금 상품', '2022-01-01', '판매중', 100000.00, 100000000.00, 1.5),
('P064_희망저축계좌II', '희망저축계좌II', '적금', '하나은행 희망저축계좌II 상품', '2022-01-01', '판매중', 100000.00, 100000000.00, 2.0),
('P065_청년내일저축계좌', '청년내일저축계좌', '적금', '하나은행 청년내일저축계좌 상품', '2022-01-01', '판매중', 100000.00, 100000000.00, 2.0),
('P066_하나_나눔_적금판매중단', '하나 나눔 적금(판매중단)', '적금', '하나은행 하나 나눔 적금(판매중단) 상품', '2022-01-01', '판매중단', 100000.00, 100000000.00, 3.0),
('P067_Best_11_적금판매중단', 'Best 11 적금(판매중단)', '적금', '하나은행 Best 11 적금(판매중단) 상품', '2022-01-01', '판매중단', 100000.00, 100000000.00, 2.8),
('P068_부자씨_적금', '부자씨 적금', '적금', '하나은행 부자씨 적금 상품', '2022-01-01', '판매중', 100000.00, 100000000.00, 2.3),
('P069_하나_아이키움_적금', '하나 아이키움 적금', '적금', '하나은행 하나 아이키움 적금 상품', '2022-01-01', '판매중', 100000.00, 100000000.00, 2.0),
('P070_대전하나_축구사랑_적금', '대전하나 축구사랑 적금', '적금', '하나은행 대전하나 축구사랑 적금 상품', '2022-01-01', '판매중', 100000.00, 100000000.00, 1.8),
('P071_하나_청년도약계좌', '하나 청년도약계좌', '기타', '하나은행 하나 청년도약계좌 상품', '2022-01-01', '판매중', 100000.00, 100000000.00, 4.5),
('P072_대전시_미래두배_청년통장', '대전시 미래두배 청년통장', '적금', '하나은행 대전시 미래두배 청년통장 상품', '2022-01-01', '판매중', 100000.00, 100000000.00, 2.8),
('P073_청년주택드림청약통장', '청년주택드림청약통장', '대출', '하나은행 청년주택드림청약통장 상품', '2022-01-01', '판매중', 100000.00, 100000000.00, 0.0),
('P074_트래블로그_여행_적금', '트래블로그 여행 적금', '적금', '하나은행 트래블로그 여행 적금 상품', '2022-01-01', '판매중', 100000.00, 100000000.00, 1.8),
('P075_하나_청년도약플러스_적금', '하나 청년도약플러스 적금', '적금', '하나은행 하나 청년도약플러스 적금 상품', '2022-01-01', '판매중', 100000.00, 100000000.00, 4.0),
('P076_K리그우승_적금', '(K리그)우승 적금', '적금', '하나은행 (K리그)우승 적금 상품', '2022-01-01', '판매중', 100000.00, 100000000.00, 2.0),
('P077_달달하나_적금', '달달하나 적금', '적금', '하나은행 달달하나 적금 상품', '2022-01-01', '판매중', 100000.00, 100000000.00, 2.0),
('P078_하나_중소기업재직자_우대저축', '하나 중소기업재직자 우대저축', '적금', '하나은행 하나 중소기업재직자 우대저축 상품', '2022-01-01', '판매중', 100000.00, 100000000.00, 3.0),
('P079_하나더소호_가맹점_적금', '하나더소호 가맹점 적금', '적금', '하나은행 하나더소호 가맹점 적금 상품', '2022-01-01', '판매중', 100000.00, 100000000.00, 2.0),
('P080_하나더이지_적금', '하나더이지 적금', '적금', '하나은행 하나더이지 적금 상품', '2022-01-01', '판매중', 100000.00, 100000000.00, 2.0),
('P081_대한민국만세_80주년적금', '대한민국만세_80주년적금', '적금', '하나은행 대한민국만세_80주년적금 상품', '2022-01-01', '판매중', 100000.00, 100000000.00, 2.0),
('P082_오!_필승코리아_적금_2018판매중단', '오! 필승코리아 적금 2018(판매중단)', '적금', '하나은행 오! 필승코리아 적금 2018(판매중단) 상품', '2022-01-01', '판매중단', 100000.00, 100000000.00, 0.7),
('P083_시티즌_팬사랑_적금판매중단', '시티즌 팬사랑 적금(판매중단)', '적금', '하나은행 시티즌 팬사랑 적금(판매중단) 상품', '2022-01-01', '판매중단', 100000.00, 100000000.00, 1.3),
('P084_내맘_적금', '내맘 적금', '적금', '하나은행 내맘 적금 상품', '2022-01-01', '판매중', 100000.00, 100000000.00, 2.0),
('P085_하나머니세상_적금판매중단', '하나머니세상 적금(판매중단)', '적금', '하나은행 하나머니세상 적금(판매중단) 상품', '2022-01-01', '판매중단', 100000.00, 100000000.00, 0.4),
('P086_청년희망키움통장중앙자활센터판매중단', '청년희망키움통장(중앙자활센터)(판매중단)', '적금', '하나은행 청년희망키움통장(중앙자활센터)(판매중단) 상품', '2022-01-01', '판매중단', 100000.00, 100000000.00, 1.75),
('P087_대전시청년희망통장위탁기관', '대전시청년희망통장(위탁기관)', '적금', '하나은행 대전시청년희망통장(위탁기관) 상품', '2022-01-01', '판매중', 100000.00, 100000000.00, 1.6),
('P088_오늘은_얼마니?_적금판매중단', '오늘은 얼마니? 적금(판매중단)', '적금', '하나은행 오늘은 얼마니? 적금(판매중단) 상품', '2022-01-01', '판매중단', 100000.00, 100000000.00, 0.25),
('P089_도전_365_적금', '도전 365 적금', '적금', '하나은행 도전 365 적금 상품', '2022-01-01', '판매중', 100000.00, 100000000.00, 1.8),
('P090_자유적금', '자유적금', '적금', '하나은행 자유적금 상품', '2022-01-01', '판매중', 100000.00, 100000000.00, 1.9),
('P091_T핀크적금판매중단', 'T핀크적금(판매중단)', '적금', '하나은행 T핀크적금(판매중단) 상품', '2022-01-01', '판매중단', 100000.00, 100000000.00, 1.35),
('P092_하나된_평창_적금판매중단', '하나된 평창 적금(판매중단)', '적금', '하나은행 하나된 평창 적금(판매중단) 상품', '2022-01-01', '판매중단', 100000.00, 100000000.00, 0.85),
('P093_내집마련더블업적금', '내집마련더블업적금', '적금', '하나은행 내집마련더블업적금 상품', '2022-01-01', '판매중', 100000.00, 100000000.00, 2.25),
('P094_두리하나_적금판매중단', '두리하나 적금(판매중단)', '적금', '하나은행 두리하나 적금(판매중단) 상품', '2022-01-01', '판매중단', 100000.00, 100000000.00, 1.85),
('P095_K리그_팬사랑_적금판매중단', 'K리그 팬사랑 적금(판매중단)', '적금', '하나은행 K리그 팬사랑 적금(판매중단) 상품', '2022-01-01', '판매중단', 100000.00, 100000000.00, 1.1),
('P096_LPGA_팬사랑_적금판매중단', 'LPGA 팬사랑 적금(판매중단)', '적금', '하나은행 LPGA 팬사랑 적금(판매중단) 상품', '2022-01-01', '판매중단', 100000.00, 100000000.00, 1.1),
('P097_하나멤버스_주거래_우대적금판매중단', '하나멤버스 주거래 우대적금(판매중단)', '적금', '하나은행 하나멤버스 주거래 우대적금(판매중단) 상품', '2022-01-01', '판매중단', 100000.00, 100000000.00, 1.9),
('P098_Young_하나_적금판매중단', 'Young 하나 적금(판매중단)', '적금', '하나은행 Young 하나 적금(판매중단) 상품', '2022-01-01', '판매중단', 100000.00, 100000000.00, 0.65),
('P099_행복Together적금판매중단', '행복Together적금(판매중단)', '적금', '하나은행 행복Together적금(판매중단) 상품', '2022-01-01', '판매중단', 100000.00, 100000000.00, 0.85),
('P100_바보의_나눔_적금판매중단', '바보의 나눔 적금(판매중단)', '적금', '하나은행 바보의 나눔 적금(판매중단) 상품', '2022-01-01', '판매중단', 100000.00, 100000000.00, 0.85),
('P101_늘하나적금판매중단', '늘하나적금(판매중단)', '적금', '하나은행 늘하나적금(판매중단) 상품', '2022-01-01', '판매중단', 100000.00, 100000000.00, 0.75),
('P102_나라지킴이_적금판매중단', '나라지킴이 적금(판매중단)', '적금', '하나은행 나라지킴이 적금(판매중단) 상품', '2022-01-01', '판매중단', 100000.00, 100000000.00, 2.0),
('P103_아이_사랑해_적금판매중단', '(아이) 사랑해 적금(판매중단)', '적금', '하나은행 (아이) 사랑해 적금(판매중단) 상품', '2022-01-01', '판매중단', 100000.00, 100000000.00, 1.8),
('P104_오!_필승_코리아_적금_2016판매중', '오! 필승 코리아 적금 2016(판매중단)', '적금', '하나은행 오! 필승 코리아 적금 2016(판매중단) 상품', '2022-01-01', '판매중단', 100000.00, 100000000.00, 1.4),
('P105_119_생명지킴이_적금판매중단', '119 생명지킴이 적금(판매중단)', '적금', '하나은행 119 생명지킴이 적금(판매중단) 상품', '2022-01-01', '판매중단', 100000.00, 100000000.00, 1.6),
('P106_희망_키움_통장II___중앙자활센터판', '희망 키움 통장II - 중앙자활센터(판매중단)', '적금', '하나은행 희망 키움 통장II - 중앙자활센터(판매중단) 상품', '2022-01-01', '판매중단', 100000.00, 100000000.00, 1.5),
('P107_넘버엔월복리_적금판매중단', '넘버엔월복리 적금(판매중단)', '적금', '하나은행 넘버엔월복리 적금(판매중단) 상품', '2022-01-01', '판매중단', 100000.00, 100000000.00, 1.7),
('P108_씨크릿_적금판매중단', '씨크릿 적금(판매중단)', '적금', '하나은행 씨크릿 적금(판매중단) 상품', '2022-01-01', '판매중단', 100000.00, 100000000.00, 1.6),
('P109_윙고빙고_적금판매중단', '윙고빙고 적금(판매중단)', '적금', '하나은행 윙고빙고 적금(판매중단) 상품', '2022-01-01', '판매중단', 100000.00, 100000000.00, 1.4),
('P110_e_플러스_적금판매중단', 'e-플러스 적금(판매중단)', '적금', '하나은행 e-플러스 적금(판매중단) 상품', '2022-01-01', '판매중단', 100000.00, 100000000.00, 1.35),
('P111_Self_Gifting_셀프_기프팅_', 'Self-Gifting (셀프-기프팅) 적금(판매중단)', '적금', '하나은행 Self-Gifting (셀프-기프팅) 적금(판매중단) 상품', '2022-01-01', '판매중단', 100000.00, 100000000.00, 0.3),
('P112_Easy_One_Pack_이지원_팩_', 'Easy-One Pack (이지원 팩) 적금(판매중단)', '적금', '하나은행 Easy-One Pack (이지원 팩) 적금(판매중단) 상품', '2022-01-01', '판매중단', 100000.00, 100000000.00, 0.5),
('P113_함께하는_사랑_적금판매중단', '함께하는 사랑 적금(판매중단)', '적금', '하나은행 함께하는 사랑 적금(판매중단) 상품', '2022-01-01', '판매중단', 100000.00, 100000000.00, 1.0),
('P114_꿈나무_적금판매중단', '꿈나무 적금(판매중단)', '적금', '하나은행 꿈나무 적금(판매중단) 상품', '2022-01-01', '판매중단', 100000.00, 100000000.00, 2.65),
('P115_나의_소원_적금판매중단', '나의 소원 적금(판매중단)', '적금', '하나은행 나의 소원 적금(판매중단) 상품', '2022-01-01', '판매중단', 100000.00, 100000000.00, 0.65),
('P116_1004나눔_적금판매중단', '1004나눔 적금(판매중단)', '적금', '하나은행 1004나눔 적금(판매중단) 상품', '2022-01-01', '판매중단', 100000.00, 100000000.00, 1.3),
('P117_나이스_샷_골프_적금판매중단', '나이스 샷 골프 적금(판매중단)', '적금', '하나은행 나이스 샷 골프 적금(판매중단) 상품', '2022-01-01', '판매중단', 100000.00, 100000000.00, 0.75),
('P118_행복ㆍ건강_S_라인적금판매중단', '행복ㆍ건강 S-라인적금(판매중단)', '적금', '하나은행 행복ㆍ건강 S-라인적금(판매중단) 상품', '2022-01-01', '판매중단', 100000.00, 100000000.00, 0.8),
('P119_행복한_가족_적금판매중단', '행복한 가족 적금(판매중단)', '적금', '하나은행 행복한 가족 적금(판매중단) 상품', '2022-01-01', '판매중단', 100000.00, 100000000.00, 0.5),
('P120_순천만정원_사랑_적금판매중단', '순천만정원 사랑 적금(판매중단)', '적금', '하나은행 순천만정원 사랑 적금(판매중단) 상품', '2022-01-01', '판매중단', 100000.00, 100000000.00, 0.55),
('P121_행복나눔_적금판매중단', '행복나눔 적금(판매중단)', '적금', '하나은행 행복나눔 적금(판매중단) 상품', '2022-01-01', '판매중단', 100000.00, 100000000.00, 0.7),
('P122_하나_미소드림_적금', '하나 미소드림 적금', '적금', '하나은행 하나 미소드림 적금 상품', '2022-01-01', '판매중', 100000.00, 100000000.00, 3.6),
('P123_168_적금판매중단', '168 적금(판매중단)', '적금', '하나은행 168 적금(판매중단) 상품', '2022-01-01', '판매중단', 100000.00, 100000000.00, 0.9),
('P124_새희망_근로_적금판매중단', '새희망 근로 적금(판매중단)', '적금', '하나은행 새희망 근로 적금(판매중단) 상품', '2022-01-01', '판매중단', 100000.00, 100000000.00, 2.3),
('P125_희망키움_통장고객판매중단', '희망키움 통장(고객)(판매중단)', '적금', '하나은행 희망키움 통장(고객)(판매중단) 상품', '2022-01-01', '판매중단', 100000.00, 100000000.00, 2.0),
('P126_희망키움_통장중앙자활센터판매중단', '희망키움 통장(중앙자활센터)(판매중단)', '적금', '하나은행 희망키움 통장(중앙자활센터)(판매중단) 상품', '2022-01-01', '판매중단', 100000.00, 100000000.00, 1.5),
('P127_내일키움_통장고객판매중단', '내일키움 통장(고객)(판매중단)', '적금', '하나은행 내일키움 통장(고객)(판매중단) 상품', '2022-01-01', '판매중단', 100000.00, 100000000.00, 2.0),
('P128_내일키움_통장중앙자활센터판매중단', '내일키움 통장(중앙자활센터)(판매중단)', '적금', '하나은행 내일키움 통장(중앙자활센터)(판매중단) 상품', '2022-01-01', '판매중단', 100000.00, 100000000.00, 1.5),
('P129_희망_키움_통장II___고객판매중단', '희망 키움 통장II - 고객(판매중단)', '적금', '하나은행 희망 키움 통장II - 고객(판매중단) 상품', '2022-01-01', '판매중단', 100000.00, 100000000.00, 2.0),
('P130_미래_행복_통장개인', '미래 행복 통장(개인)', '적금', '하나은행 미래 행복 통장(개인) 상품', '2022-01-01', '판매중', 100000.00, 100000000.00, 2.5),
('P131_정기적금', '정기적금', '적금', '하나은행 정기적금 상품', '2022-01-01', '판매중', 100000.00, 100000000.00, 1.9),
('P132_상호부금', '상호부금', '기타', '하나은행 상호부금 상품', '2022-01-01', '판매중', 100000.00, 100000000.00, 1.65),
('P133_주택청약부금', '주택청약부금', '대출', '하나은행 주택청약부금 상품', '2022-01-01', '판매중', 100000.00, 100000000.00, 2.85),
('P134_주택청약종합저축', '주택청약종합저축', '대출', '하나은행 주택청약종합저축 상품', '2022-01-01', '판매중', 100000.00, 100000000.00, 0.0),
('P135_신비과세_장기저축판매중단', '신비과세 장기저축(판매중단)', '적금', '하나은행 신비과세 장기저축(판매중단) 상품', '2022-01-01', '판매중단', 100000.00, 100000000.00, 3.1),
('P136_신비과세_장기저축보너스형판매중단', '신비과세 장기저축(보너스형)(판매중단)', '적금', '하나은행 신비과세 장기저축(보너스형)(판매중단) 상품', '2022-01-01', '판매중단', 100000.00, 100000000.00, 3.1),
('P137_하나_My_Plan_비과세저축판매중단', '하나 My Plan 비과세저축(판매중단)', '적금', '하나은행 하나 My Plan 비과세저축(판매중단) 상품', '2022-01-01', '판매중단', 100000.00, 100000000.00, 3.1),
('P138_하나_비과세_복리적금판매중단', '하나 비과세 복리적금(판매중단)', '적금', '하나은행 하나 비과세 복리적금(판매중단) 상품', '2022-01-01', '판매중단', 100000.00, 100000000.00, 1.1),
('P139_장기주택마련저축판매중단', '장기주택마련저축(판매중단)', '대출', '하나은행 장기주택마련저축(판매중단) 상품', '2022-01-01', '판매중단', 100000.00, 100000000.00, 3.1),
('P140_부자되는_적금판매중단', '부자되는 적금(판매중단)', '적금', '하나은행 부자되는 적금(판매중단) 상품', '2022-01-01', '판매중단', 100000.00, 100000000.00, 0.4),
('P141_난_할_수_있어_적금2판매중단', '난 할 수 있어 적금2(판매중단)', '적금', '하나은행 난 할 수 있어 적금2(판매중단) 상품', '2022-01-01', '판매중단', 100000.00, 100000000.00, 0.7),
('P142_하나_와인처럼_적금판매중단', '하나 와인처럼 적금(판매중단)', '적금', '하나은행 하나 와인처럼 적금(판매중단) 상품', '2022-01-01', '판매중단', 100000.00, 100000000.00, 0.2),
('P143_하나_재형저축판매중단', '하나 재형저축(판매중단)', '적금', '하나은행 하나 재형저축(판매중단) 상품', '2022-01-01', '판매중단', 100000.00, 100000000.00, 3.15),
('P144_신재형저축판매중단', '신재형저축(판매중단)', '적금', '하나은행 신재형저축(판매중단) 상품', '2022-01-01', '판매중단', 100000.00, 100000000.00, 1.5),
('P145_내자녀_성공기_적금판매중단', '내자녀 성공기 적금(판매중단)', '적금', '하나은행 내자녀 성공기 적금(판매중단) 상품', '2022-01-01', '판매중단', 100000.00, 100000000.00, 1.6),
('P146_두리하나_정기예금판매중단', '두리하나 정기예금(판매중단)', '예금', '하나은행 두리하나 정기예금(판매중단) 상품', '2022-01-01', '판매중단', 100000.00, 100000000.00, 1.6),
('P147_황금드림_정기예금판매중단', '황금드림 정기예금(판매중단)', '예금', '하나은행 황금드림 정기예금(판매중단) 상품', '2022-01-01', '판매중단', 100000.00, 100000000.00, 1.2),
('P148_특판정기예금한시판매', '특판정기예금(한시판매)', '예금', '하나은행 특판정기예금(한시판매) 상품', '2022-01-01', '한시판매', 100000.00, 100000000.00, 1.02),
('P149_하나원큐_정기예금판매중단', '하나원큐 정기예금(판매중단)', '적금', '하나은행 하나원큐 정기예금(판매중단) 상품', '2022-01-01', '판매중단', 100000.00, 100000000.00, 1.15),
('P150_언제나청춘정기예금판매중단', '언제나청춘정기예금(판매중단)', '예금', '하나은행 언제나청춘정기예금(판매중단) 상품', '2022-01-01', '판매중단', 100000.00, 100000000.00, 0.9),
('P151_하나더예금판매중단', '하나더예금(판매중단)', '적금', '하나은행 하나더예금(판매중단) 상품', '2022-01-01', '판매중단', 100000.00, 100000000.00, 2.65),
('P152_하나의_정기예금', '하나의 정기예금', '예금', '하나은행 하나의 정기예금 상품', '2022-01-01', '판매중', 100000.00, 100000000.00, 1.8),
('P153_1년_연동형_정기예금보증보험용', '1년 연동형 정기예금(보증보험용)', '예금', '하나은행 1년 연동형 정기예금(보증보험용) 상품', '2022-01-01', '판매중', 100000.00, 100000000.00, 1.85),
('P154_행복Together정기예금판매중단', '행복Together정기예금(판매중단)', '적금', '하나은행 행복Together정기예금(판매중단) 상품', '2022-01-01', '판매중단', 100000.00, 100000000.00, 1.3),
('P155_오!_필승코리아_정기예금_2016판매', '오! 필승코리아 정기예금 2016(판매중단)', '예금', '하나은행 오! 필승코리아 정기예금 2016(판매중단) 상품', '2022-01-01', '판매중단', 100000.00, 100000000.00, 1.3),
('P156_리틀빅_정기예금판매중단', '리틀빅 정기예금(판매중단)', '예금', '하나은행 리틀빅 정기예금(판매중단) 상품', '2022-01-01', '판매중단', 100000.00, 100000000.00, 0.5),
('P157_하나된_평창_정기예금판매중단', '하나된 평창 정기예금(판매중단)', '예금', '하나은행 하나된 평창 정기예금(판매중단) 상품', '2022-01-01', '판매중단', 100000.00, 100000000.00, 0.85),
('P158_MMDA형_정기예금판매중단', 'MMDA형 정기예금(판매중단)', '예금', '하나은행 MMDA형 정기예금(판매중단) 상품', '2022-01-01', '판매중단', 100000.00, 100000000.00, 1.6),
('P159_행복knowhow_연금예금', '행복knowhow 연금예금', '적금', '하나은행 행복knowhow 연금예금 상품', '2022-01-01', '판매중', 100000.00, 100000000.00, 2.2),
('P160_N플러스_정기예금판매중단', 'N플러스 정기예금(판매중단)', '예금', '하나은행 N플러스 정기예금(판매중단) 상품', '2022-01-01', '판매중단', 100000.00, 100000000.00, 0.5),
('P161_Easy_One_Pack이지원_팩_정', 'Easy-One Pack(이지원 팩) 정기예금(판매중단)', '예금', '하나은행 Easy-One Pack(이지원 팩) 정기예금(판매중단) 상품', '2022-01-01', '판매중단', 100000.00, 100000000.00, 1.1),
('P162_e_플러스_정기예금판매중단', 'e-플러스 정기예금(판매중단)', '예금', '하나은행 e-플러스 정기예금(판매중단) 상품', '2022-01-01', '판매중단', 100000.00, 100000000.00, 0.25),
('P163_369_정기예금', '369 정기예금', '예금', '하나은행 369 정기예금 상품', '2022-01-01', '판매중', 100000.00, 100000000.00, 0.7),
('P164_펀드사랑_정기예금판매중단', '펀드사랑 정기예금(판매중단)', '예금', '하나은행 펀드사랑 정기예금(판매중단) 상품', '2022-01-01', '판매중단', 100000.00, 100000000.00, 1.2),
('P165_CD연동_정기예금판매중단', 'CD연동 정기예금(판매중단)', '예금', '하나은행 CD연동 정기예금(판매중단) 상품', '2022-01-01', '판매중단', 100000.00, 100000000.00, 0.2),
('P166_주택청약예금', '주택청약예금', '대출', '하나은행 주택청약예금 상품', '2022-01-01', '판매중', 100000.00, 100000000.00, 2.1),
('P167_주거래_정기예금판매중단', '주거래 정기예금(판매중단)', '적금', '하나은행 주거래 정기예금(판매중단) 상품', '2022-01-01', '판매중단', 100000.00, 100000000.00, 0.75),
('P168_정기예금', '정기예금', '예금', '하나은행 정기예금 상품', '2022-01-01', '판매중', 100000.00, 100000000.00, 1.6),
('P169_하나머니세상_정기예금판매중단', '하나머니세상 정기예금(판매중단)', '예금', '하나은행 하나머니세상 정기예금(판매중단) 상품', '2022-01-01', '판매중단', 100000.00, 100000000.00, 0.2),
('P170_양도성_예금증서CD', '양도성 예금증서(CD)', '예금', '하나은행 양도성 예금증서(CD) 상품', '2022-01-01', '판매중', 100000.00, 100000000.00, 1.75),
('P171_고단위플러스_금리확정형', '고단위플러스-금리확정형', '기타', '하나은행 고단위플러스-금리확정형 상품', '2022-01-01', '판매중', 100000.00, 100000000.00, 1.7),
('P172_고단위플러스_금리연동형', '고단위플러스-금리연동형', '기타', '하나은행 고단위플러스-금리연동형 상품', '2022-01-01', '판매중', 100000.00, 100000000.00, 1.7),
('P173_빅팟BIGPOT_정기예금판매중단', '빅팟(BIGPOT) 정기예금(판매중단)', '예금', '하나은행 빅팟(BIGPOT) 정기예금(판매중단) 상품', '2022-01-01', '판매중단', 100000.00, 100000000.00, 1.8),
('P174_하도급대금협력통장', '하도급대금협력통장', '예금', '하나은행 하도급대금협력통장 상품', '2022-01-01', '판매중', 100000.00, 100000000.00, 0.1),
('P175_YES골드점프예금MMDA,_법인', 'YES골드점프예금(MMDA, 법인)', '예금', '하나은행 YES골드점프예금(MMDA, 법인) 상품', '2022-01-01', '판매중', 100000.00, 100000000.00, 0.0),
('P176_급여하나_통장', '급여하나 통장', '적금', '하나은행 급여하나 통장 상품', '2022-01-01', '판매중', 100000.00, 100000000.00, 0.1),
('P177_하나더넥스트_연금_통장', '하나더넥스트 연금 통장', '적금', '하나은행 하나더넥스트 연금 통장 상품', '2022-01-01', '판매중', 100000.00, 100000000.00, 0.1),
('P178_건설_하나로_통장', '건설 하나로 통장', '예금', '하나은행 건설 하나로 통장 상품', '2022-01-01', '판매중', 100000.00, 100000000.00, 0.1),
('P179_하나_주택연금_지킴이_통장', '하나 주택연금 지킴이 통장', '대출', '하나은행 하나 주택연금 지킴이 통장 상품', '2022-01-01', '판매중', 100000.00, 100000000.00, 0.1),
('P180_머니박스_통장_기본금리판매중단', '머니박스 통장 기본금리(판매중단)', '예금', '하나은행 머니박스 통장 기본금리(판매중단) 상품', '2022-01-01', '판매중단', 100000.00, 100000000.00, 0.1),
('P181_머니박스_통장_우대금리파킹_우대', '머니박스 통장 우대금리(파킹 우대)', '예금', '하나은행 머니박스 통장 우대금리(파킹 우대) 상품', '2022-01-01', '판매중', 100000.00, 100000000.00, 1.9),
('P182_머니박스_통장_우대금리파킹_플러스_우', '머니박스 통장 우대금리(파킹 플러스 우대)', '예금', '하나은행 머니박스 통장 우대금리(파킹 플러스 우대) 상품', '2022-01-01', '판매중', 100000.00, 100000000.00, 2.9),
('P183_네이버페이머니_하나통장', '네이버페이머니 하나통장', '예금', '하나은행 네이버페이머니 하나통장 상품', '2022-01-01', '판매중', 100000.00, 100000000.00, 0.1),
('P184_경기기회사다리_통장', '경기기회사다리 통장', '예금', '하나은행 경기기회사다리 통장 상품', '2022-01-01', '판매중', 100000.00, 100000000.00, 0.1),
('P185_쿠팡_셀러_통장', '쿠팡 셀러 통장', '예금', '하나은행 쿠팡 셀러 통장 상품', '2022-01-01', '판매중', 100000.00, 100000000.00, 0.1),
('P186_당근머니_하나_통장', '당근머니 하나 통장', '예금', '하나은행 당근머니 하나 통장 상품', '2022-01-01', '판매중', 100000.00, 100000000.00, 0.1),
('P187_달달_하나_통장', '달달 하나 통장', '예금', '하나은행 달달 하나 통장 상품', '2022-01-01', '판매중', 100000.00, 100000000.00, 0.1),
('P188_지역장려금_하나통장', '(지역장려금) 하나통장', '예금', '하나은행 (지역장려금) 하나통장 상품', '2022-01-01', '판매중', 100000.00, 100000000.00, 0.1),
('P189_하나된_평창_통장판매중단', '하나된 평창 통장(판매중단)', '예금', '하나은행 하나된 평창 통장(판매중단) 상품', '2022-01-01', '판매중단', 100000.00, 100000000.00, 0.1),
('P190_KEb하나_보증서_담보대출_입금전용계', 'KEb하나 보증서 담보대출 입금전용계좌', '대출', '하나은행 KEb하나 보증서 담보대출 입금전용계좌 상품', '2022-01-01', '판매중', 100000.00, 100000000.00, 0.1),
('P191_주거래하나_통장', '주거래하나 통장', '적금', '하나은행 주거래하나 통장 상품', '2022-01-01', '판매중', 100000.00, 100000000.00, 0.1),
('P192_하나_군인연금_평생안심통장', '하나 군인연금 평생안심통장', '적금', '하나은행 하나 군인연금 평생안심통장 상품', '2022-01-01', '판매중', 100000.00, 100000000.00, 0.1),
('P193_영하나플러스_통장', '영하나플러스 통장', '예금', '하나은행 영하나플러스 통장 상품', '2022-01-01', '판매중', 100000.00, 100000000.00, 0.1),
('P194_보통예금', '보통예금', '예금', '하나은행 보통예금 상품', '2022-01-01', '판매중', 100000.00, 100000000.00, 0.1),
('P195_저축예금', '저축예금', '적금', '하나은행 저축예금 상품', '2022-01-01', '판매중', 100000.00, 100000000.00, 0.1),
('P196_기업자유예금', '기업자유예금', '예금', '하나은행 기업자유예금 상품', '2022-01-01', '판매중', 100000.00, 100000000.00, 0.1),
('P197_가계당좌예금', '가계당좌예금', '예금', '하나은행 가계당좌예금 상품', '2022-01-01', '판매중', 100000.00, 100000000.00, 0.1),
('P198_수퍼플러스MMDA,_개인', '수퍼플러스(MMDA, 개인)', '기타', '하나은행 수퍼플러스(MMDA, 개인) 상품', '2022-01-01', '판매중', 100000.00, 100000000.00, 0.0),
('P199_수퍼플러스MMDA,_법인', '수퍼플러스(MMDA, 법인)', '기타', '하나은행 수퍼플러스(MMDA, 법인) 상품', '2022-01-01', '판매중', 100000.00, 100000000.00, 0.0),
('P200_행복knowhow_주거래_우대통장판매', '행복knowhow 주거래 우대통장(판매중단)', '적금', '하나은행 행복knowhow 주거래 우대통장(판매중단) 상품', '2022-01-01', '판매중단', 100000.00, 100000000.00, 1.0),
('P201_하나멤버스_주거래통장판매중단', '하나멤버스 주거래통장(판매중단)', '적금', '하나은행 하나멤버스 주거래통장(판매중단) 상품', '2022-01-01', '판매중단', 100000.00, 100000000.00, 0.1),
('P202_119생명지킴이_통장_II판매중단', '119생명지킴이 통장 II(판매중단)', '예금', '하나은행 119생명지킴이 통장 II(판매중단) 상품', '2022-01-01', '판매중단', 100000.00, 100000000.00, 0.1),
('P203_뱅크월렛_카카오통장판매중단', '뱅크월렛 카카오통장(판매중단)', '예금', '하나은행 뱅크월렛 카카오통장(판매중단) 상품', '2022-01-01', '판매중단', 100000.00, 100000000.00, 0.5),
('P204_힘내라!_직장인_우대_통장판매중단', '힘내라! 직장인 우대 통장(판매중단)', '예금', '하나은행 힘내라! 직장인 우대 통장(판매중단) 상품', '2022-01-01', '판매중단', 100000.00, 100000000.00, 1.0),
('P205_하나_플러스_통장', '하나 플러스 통장', '예금', '하나은행 하나 플러스 통장 상품', '2022-01-01', '판매중', 100000.00, 100000000.00, 0.1),
('P206_사업자_주거래_우대통장', '사업자 주거래 우대통장', '대출', '하나은행 사업자 주거래 우대통장 상품', '2022-01-01', '판매중', 100000.00, 100000000.00, 0.1),
('P207_SK텔레콤_통신비_결제통장판매중단', 'SK텔레콤 통신비 결제통장(판매중단)', '예금', '하나은행 SK텔레콤 통신비 결제통장(판매중단) 상품', '2022-01-01', '판매중단', 100000.00, 100000000.00, 0.5),
('P208_바보의_나눔_통장', '바보의 나눔 통장', '예금', '하나은행 바보의 나눔 통장 상품', '2022-01-01', '판매중', 100000.00, 100000000.00, 0.1),
('P209_WINGO윙고_통장판매중단', 'WINGO(윙고) 통장(판매중단)', '예금', '하나은행 WINGO(윙고) 통장(판매중단) 상품', '2022-01-01', '판매중단', 100000.00, 100000000.00, 0.1),
('P210_Easy_One_Pack_이지원_팩_', 'Easy-One Pack (이지원 팩) 통장', '예금', '하나은행 Easy-One Pack (이지원 팩) 통장 상품', '2022-01-01', '판매중', 100000.00, 100000000.00, 0.1),
('P211_행복나눔_통장', '행복나눔 통장', '적금', '하나은행 행복나눔 통장 상품', '2022-01-01', '판매중', 100000.00, 100000000.00, 0.1),
('P212_119_생명지킴이_통장판매중단', '119 생명지킴이 통장(판매중단)', '예금', '하나은행 119 생명지킴이 통장(판매중단) 상품', '2022-01-01', '판매중단', 100000.00, 100000000.00, 1.0),
('P213_BIGPOT_통장판매중단', 'BIGPOT 통장(판매중단)', '예금', '하나은행 BIGPOT 통장(판매중단) 상품', '2022-01-01', '판매중단', 100000.00, 100000000.00, 0.1),
('P214_168_통장판매중단', '168 통장(판매중단)', '예금', '하나은행 168 통장(판매중단) 상품', '2022-01-01', '판매중단', 100000.00, 100000000.00, 0.1),
('P215_함께하는_사랑_통장', '함께하는 사랑 통장', '예금', '하나은행 함께하는 사랑 통장 상품', '2022-01-01', '판매중', 100000.00, 100000000.00, 0.1),
('P216_하나_희망지킴이_통장판매중단', '하나 희망지킴이 통장(판매중단)', '적금', '하나은행 하나 희망지킴이 통장(판매중단) 상품', '2022-01-01', '판매중단', 100000.00, 100000000.00, 0.5),
('P217_하나_국민연금_안심통장', '하나 국민연금 안심통장', '적금', '하나은행 하나 국민연금 안심통장 상품', '2022-01-01', '판매중', 100000.00, 100000000.00, 0.5),
('P218_하나_공무원연금_안심통장', '하나 공무원연금 안심통장', '적금', '하나은행 하나 공무원연금 안심통장 상품', '2022-01-01', '판매중', 100000.00, 100000000.00, 0.5),
('P219_하나_퇴직공제금_지킴이_통장판매중단', '하나 퇴직공제금 지킴이 통장(판매중단)', '예금', '하나은행 하나 퇴직공제금 지킴이 통장(판매중단) 상품', '2022-01-01', '판매중단', 100000.00, 100000000.00, 0.5),
('P220_하나_행복지킴이_통장', '하나 행복지킴이 통장', '적금', '하나은행 하나 행복지킴이 통장 상품', '2022-01-01', '판매중', 100000.00, 100000000.00, 0.1),
('P221_사학연금평생안심통장', '사학연금평생안심통장', '적금', '하나은행 사학연금평생안심통장 상품', '2022-01-01', '판매중', 100000.00, 100000000.00, 0.5),
('P222_Young_하나_통장판매중단', 'Young 하나 통장(판매중단)', '예금', '하나은행 Young 하나 통장(판매중단) 상품', '2022-01-01', '판매중단', 100000.00, 100000000.00, 0.1),
('P223_모임통장', '모임통장', '예금', '하나은행 모임통장 상품', '2022-01-01', '판매중', 100000.00, 100000000.00, 0.1),
('P224_YES점프예금MMDA,개인판매중단', 'YES점프예금(MMDA,개인)(판매중단)', '예금', '하나은행 YES점프예금(MMDA,개인)(판매중단) 상품', '2022-01-01', '판매중단', 100000.00, 100000000.00, 0.0),
('P225_YES점프예금MMDA,법인판매중단', 'YES점프예금(MMDA,법인)(판매중단)', '예금', '하나은행 YES점프예금(MMDA,법인)(판매중단) 상품', '2022-01-01', '판매중단', 100000.00, 100000000.00, 0.0),
('P226_하나_관리비_통장판매중단', '하나 관리비 통장(판매중단)', '예금', '하나은행 하나 관리비 통장(판매중단) 상품', '2022-01-01', '판매중단', 100000.00, 100000000.00, 0.1),
('P227_하나_기부금_통장판매중단', '하나 기부금 통장(판매중단)', '예금', '하나은행 하나 기부금 통장(판매중단) 상품', '2022-01-01', '판매중단', 100000.00, 100000000.00, 0.5),
('P228_하나_여우_통장판매중단', '하나 여우 통장(판매중단)', '예금', '하나은행 하나 여우 통장(판매중단) 상품', '2022-01-01', '판매중단', 100000.00, 100000000.00, 0.1),
('P229_하나_피스컵지원_통장판매중단', '하나 피스컵지원 통장(판매중단)', '예금', '하나은행 하나 피스컵지원 통장(판매중단) 상품', '2022-01-01', '판매중단', 100000.00, 100000000.00, 0.1),
('P230_기아차통장판매중단', '기아차통장(판매중단)', '예금', '하나은행 기아차통장(판매중단) 상품', '2022-01-01', '판매중단', 100000.00, 100000000.00, 0.1),
('P231_부자되는_연금통장하나_행복연금통장판매', '부자되는 연금통장(하나 행복연금통장)(판매중단)', '적금', '하나은행 부자되는 연금통장(하나 행복연금통장)(판매중단) 상품', '2022-01-01', '판매중단', 100000.00, 100000000.00, 0.0),
('P232_부자되는_사장님_통장판매중단', '부자되는 사장님 통장(판매중단)', '예금', '하나은행 부자되는 사장님 통장(판매중단) 상품', '2022-01-01', '판매중단', 100000.00, 100000000.00, 0.1),
('P233_하나_빅팟_슈퍼_월급통장판매중단', '하나 빅팟 슈퍼 월급통장(판매중단)', '예금', '하나은행 하나 빅팟 슈퍼 월급통장(판매중단) 상품', '2022-01-01', '판매중단', 100000.00, 100000000.00, 0.1),
('P234_하나원큐아파트론혼합', '하나원큐아파트론(혼합)', '대출', '하나은행 하나원큐아파트론(혼합) 상품', '2022-01-01', '판매중', 100000.00, 100000000.00, 3.484),
('P235_하나원큐아파트론변동', '하나원큐아파트론(변동)', '대출', '하나은행 하나원큐아파트론(변동) 상품', '2022-01-01', '판매중', 100000.00, 100000000.00, 4.017),
('P236_하나원큐주택담보대출혼합', '하나원큐주택담보대출(혼합)', '대출', '하나은행 하나원큐주택담보대출(혼합) 상품', '2022-01-01', '판매중', 100000.00, 100000000.00, 3.684),
('P237_하나원큐주택담보대출변동', '하나원큐주택담보대출(변동)', '대출', '하나은행 하나원큐주택담보대출(변동) 상품', '2022-01-01', '판매중', 100000.00, 100000000.00, 4.217),
('P238_하나_혼합금리_모기지론', '하나 혼합금리 모기지론', '대출', '하나은행 하나 혼합금리 모기지론 상품', '2022-01-01', '판매중', 100000.00, 100000000.00, 4.239),
('P239_하나_변동금리_모기지론', '하나 변동금리 모기지론', '대출', '하나은행 하나 변동금리 모기지론 상품', '2022-01-01', '판매중', 100000.00, 100000000.00, 4.19),
('P240_하나_주택담보대출_갈아타기혼합', '하나 주택담보대출 갈아타기(혼합)', '대출', '하나은행 하나 주택담보대출 갈아타기(혼합) 상품', '2022-01-01', '판매중', 100000.00, 100000000.00, 3.764),
('P241_하나_주택담보대출_갈아타기변동', '하나 주택담보대출 갈아타기(변동)', '대출', '하나은행 하나 주택담보대출 갈아타기(변동) 상품', '2022-01-01', '판매중', 100000.00, 100000000.00, 4.317),
('P242_하나_주거용_오피스텔담보대출_갈아타기', '하나 주거용 오피스텔담보대출 갈아타기(변동)', '대출', '하나은행 하나 주거용 오피스텔담보대출 갈아타기(변동) 상품', '2022-01-01', '판매중', 100000.00, 100000000.00, 4.837),
('P243_의료인_보증서_담보대출', '의료인 보증서 담보대출', '대출', '하나은행 의료인 보증서 담보대출 상품', '2022-01-01', '판매중', 100000.00, 100000000.00, 4.585),
('P244_e의료인_보증서_담보대출', 'e의료인 보증서 담보대출', '대출', '하나은행 e의료인 보증서 담보대출 상품', '2022-01-01', '판매중', 100000.00, 100000000.00, 4.585),
('P245_하나햇살론뱅크', '하나햇살론뱅크', '대출', '하나은행 하나햇살론뱅크 상품', '2022-01-01', '판매중', 100000.00, 100000000.00, 6.144),
('P246_하나원큐비상금대출', '하나원큐비상금대출', '대출', '하나은행 하나원큐비상금대출 상품', '2022-01-01', '판매중', 100000.00, 100000000.00, 4.238),
('P247_하나_주거용_오피스텔담보대출MCI/M', '하나 주거용 오피스텔담보대출(MCI/MCG)', '대출', '하나은행 하나 주거용 오피스텔담보대출(MCI/MCG) 상품', '2022-01-01', '판매중', 100000.00, 100000000.00, 4.798),
('P248_보증보험담보대출', '보증보험담보대출', '대출', '하나은행 보증보험담보대출 상품', '2022-01-01', '판매중', 100000.00, 100000000.00, 4.578),
('P249_1Q오토론,EV오토론', '1Q오토론,EV오토론', '대출', '하나은행 1Q오토론,EV오토론 상품', '2022-01-01', '판매중', 100000.00, 100000000.00, 4.578),
('P250_하나_인테리어대출', '하나 인테리어대출', '대출', '하나은행 하나 인테리어대출 상품', '2022-01-01', '판매중', 100000.00, 100000000.00, 4.847),
('P251_하나_역모기지론', '하나 역모기지론', '대출', '하나은행 하나 역모기지론 상품', '2022-01-01', '판매중', 100000.00, 100000000.00, 3.477),
('P252_예금담보대출', '예금담보대출', '대출', '하나은행 예금담보대출 상품', '2022-01-01', '판매중', 100000.00, 100000000.00, 0.0),
('P253_유동화적격_대출', '유동화적격 대출', '대출', '하나은행 유동화적격 대출 상품', '2022-01-01', '판매중', 100000.00, 100000000.00, 0.0),
('P254_폐업지원대환대출_주택', '폐업지원대환대출_주택', '대출', '하나은행 폐업지원대환대출_주택 상품', '2022-01-01', '판매중', 100000.00, 100000000.00, 5.497),
('P255_페업지원대환대출_오피스텔', '페업지원대환대출_오피스텔', '대출', '하나은행 페업지원대환대출_오피스텔 상품', '2022-01-01', '판매중', 100000.00, 100000000.00, 5.705),
('P256_폐업지원대환대출_기타부동산', '폐업지원대환대출_기타부동산', '대출', '하나은행 폐업지원대환대출_기타부동산 상품', '2022-01-01', '판매중', 100000.00, 100000000.00, 5.705),
('P257_하나원큐신용대출우량', '하나원큐신용대출(우량)', '대출', '하나은행 하나원큐신용대출(우량) 상품', '2022-01-01', '판매중', 100000.00, 100000000.00, 4.025),
('P258_하나원큐신용대출일반', '하나원큐신용대출(일반)', '대출', '하나은행 하나원큐신용대출(일반) 상품', '2022-01-01', '판매중', 100000.00, 100000000.00, 4.835),
('P259_하나원큐신용대출중금리', '하나원큐신용대출(중금리)', '대출', '하나은행 하나원큐신용대출(중금리) 상품', '2022-01-01', '판매중', 100000.00, 100000000.00, 6.005),
('P260_하나원큐신용대출_갈아타기우량', '하나원큐신용대출 갈아타기(우량)', '대출', '하나은행 하나원큐신용대출 갈아타기(우량) 상품', '2022-01-01', '판매중', 100000.00, 100000000.00, 3.935),
('P261_하나원큐_연금대출', '하나원큐 연금대출', '대출', '하나은행 하나원큐 연금대출 상품', '2022-01-01', '판매중', 100000.00, 100000000.00, 4.275),
('P262_하나주거래대출M', '하나주거래대출(M)', '대출', '하나은행 하나주거래대출(M) 상품', '2022-01-01', '판매중', 100000.00, 100000000.00, 4.485),
('P263_씨티갈아타기대출', '씨티갈아타기대출', '대출', '하나은행 씨티갈아타기대출 상품', '2022-01-01', '판매중', 100000.00, 100000000.00, 3.755),
('P264_하나원큐새희망홀씨II', '하나원큐새희망홀씨II', '적금', '하나은행 하나원큐새희망홀씨II 상품', '2022-01-01', '판매중', 100000.00, 100000000.00, 4.328),
('P265_하나_새희망홀씨II', '하나 새희망홀씨II', '적금', '하나은행 하나 새희망홀씨II 상품', '2022-01-01', '판매중', 100000.00, 100000000.00, 3.138),
('P266_프리미엄직장인론,공무원클럽대출', '프리미엄직장인론,공무원클럽대출', '대출', '하나은행 프리미엄직장인론,공무원클럽대출 상품', '2022-01-01', '판매중', 100000.00, 100000000.00, 5.388),
('P267_닥터클럽대출골드', '닥터클럽대출(골드)', '대출', '하나은행 닥터클럽대출(골드) 상품', '2022-01-01', '판매중', 100000.00, 100000000.00, 5.338),
('P268_로이어클럽대출', '로이어클럽대출', '대출', '하나은행 로이어클럽대출 상품', '2022-01-01', '판매중', 100000.00, 100000000.00, 5.338),
('P269_전문직클럽대출', '전문직클럽대출', '대출', '하나은행 전문직클럽대출 상품', '2022-01-01', '판매중', 100000.00, 100000000.00, 5.338),
('P270_하나수의사클럽대출', '하나수의사클럽대출', '대출', '하나은행 하나수의사클럽대출 상품', '2022-01-01', '판매중', 100000.00, 100000000.00, 5.388),
('P271_의료인클럽대출', '의료인클럽대출', '대출', '하나은행 의료인클럽대출 상품', '2022-01-01', '판매중', 100000.00, 100000000.00, 5.688),
('P272_BEST신용대출', 'BEST신용대출', '대출', '하나은행 BEST신용대출 상품', '2022-01-01', '판매중', 100000.00, 100000000.00, 5.388),
('P273_행복연금대출', '행복연금대출', '대출', '하나은행 행복연금대출 상품', '2022-01-01', '판매중', 100000.00, 100000000.00, 4.488),
('P274_CSS대출', 'CSS대출', '대출', '하나은행 CSS대출 상품', '2022-01-01', '판매중', 100000.00, 100000000.00, 5.688),
('P275_공무원가계자금대출', '공무원가계자금대출', '대출', '하나은행 공무원가계자금대출 상품', '2022-01-01', '판매중', 100000.00, 100000000.00, 3.516),
('P276_공무원연금수급권자대출', '공무원연금수급권자대출', '대출', '하나은행 공무원연금수급권자대출 상품', '2022-01-01', '판매중', 100000.00, 100000000.00, 5.688),
('P277_군인생활안정자금대출', '군인생활안정자금대출', '대출', '하나은행 군인생활안정자금대출 상품', '2022-01-01', '판매중', 100000.00, 100000000.00, 5.688),
('P278_원큐공무원가계자금대출', '원큐공무원가계자금대출', '대출', '하나은행 원큐공무원가계자금대출 상품', '2022-01-01', '판매중', 100000.00, 100000000.00, 3.516),
('P279_군인공제회_퇴직급여_적립금대출M', '군인공제회 퇴직급여 적립금대출(M)', '대출', '하나은행 군인공제회 퇴직급여 적립금대출(M) 상품', '2022-01-01', '판매중', 100000.00, 100000000.00, 3.58),
('P280_폐업지원대환대출_신용_1억원초과', '폐업지원대환대출_신용_1억원초과', '대출', '하나은행 폐업지원대환대출_신용_1억원초과 상품', '2022-01-01', '판매중', 100000.00, 100000000.00, 6.595),
('P281_핀크생활비대출', '핀크생활비대출', '대출', '하나은행 핀크생활비대출 상품', '2022-01-01', '판매중', 100000.00, 100000000.00, 5.335),
('P282_주택신보위탁발행보증서담보대출', '주택신보위탁발행보증서담보대출', '대출', '하나은행 주택신보위탁발행보증서담보대출 상품', '2022-01-01', '판매중', 100000.00, 100000000.00, 4.11),
('P283_신혼부부전세론,다둥이전세론,복지지킴이', '신혼부부전세론,다둥이전세론,복지지킴이전세론,한사랑전세론', '대출', '하나은행 신혼부부전세론,다둥이전세론,복지지킴이전세론,한사랑전세론 상품', '2022-01-01', '판매중', 100000.00, 100000000.00, 4.25),
('P284_우량주택전세론', '우량주택전세론', '대출', '하나은행 우량주택전세론 상품', '2022-01-01', '판매중', 100000.00, 100000000.00, 4.43),
('P285_하나_전세금안심대출', '하나 전세금안심대출', '대출', '하나은행 하나 전세금안심대출 상품', '2022-01-01', '판매중', 100000.00, 100000000.00, 4.61),
('P286_하나_부분분할상환_전세론', '하나 부분분할상환 전세론', '대출', '하나은행 하나 부분분할상환 전세론 상품', '2022-01-01', '판매중', 100000.00, 100000000.00, 4.4),
('P287_목돈_안드는_행복전세', '목돈 안드는 행복전세', '대출', '하나은행 목돈 안드는 행복전세 상품', '2022-01-01', '판매중', 100000.00, 100000000.00, 4.05),
('P288_주택신보_전세자금대출_갈아타기', '주택신보 전세자금대출 갈아타기', '대출', '하나은행 주택신보 전세자금대출 갈아타기 상품', '2022-01-01', '판매중', 100000.00, 100000000.00, 3.908),
('P289_신혼부부전세론_갈아타기', '신혼부부전세론 갈아타기', '대출', '하나은행 신혼부부전세론 갈아타기 상품', '2022-01-01', '판매중', 100000.00, 100000000.00, 3.748),
('P290_다둥이전세론_갈아타기', '다둥이전세론 갈아타기', '대출', '하나은행 다둥이전세론 갈아타기 상품', '2022-01-01', '판매중', 100000.00, 100000000.00, 3.748),
('P291_우량주택전세론_갈아타기', '우량주택전세론 갈아타기', '대출', '하나은행 우량주택전세론 갈아타기 상품', '2022-01-01', '판매중', 100000.00, 100000000.00, 3.978),
('P292_전세금안심대출_갈아타기', '전세금안심대출 갈아타기', '대출', '하나은행 전세금안심대출 갈아타기 상품', '2022-01-01', '판매중', 100000.00, 100000000.00, 3.898),
('P293_하나_전세금안심대출M_P', '하나 전세금안심대출(M_P)', '대출', '하나은행 하나 전세금안심대출(M_P) 상품', '2022-01-01', '판매중', 100000.00, 100000000.00, 3.908),
('P294_서울특별시_청년_임차보증금대출M', '서울특별시 청년 임차보증금대출(M)', '대출', '하나은행 서울특별시 청년 임차보증금대출(M) 상품', '2022-01-01', '판매중', 100000.00, 100000000.00, 4.08),
('P295_군간부전세자금대출기본M', '군간부전세자금대출(기본)(M)', '대출', '하나은행 군간부전세자금대출(기본)(M) 상품', '2022-01-01', '판매중', 100000.00, 100000000.00, 4.18),
('P296_주택신보_전세자금대출M_P', '주택신보 전세자금대출(M_P)', '대출', '하나은행 주택신보 전세자금대출(M_P) 상품', '2022-01-01', '판매중', 100000.00, 100000000.00, 3.758),
('P297_신혼부부전세론M_P', '신혼부부전세론(M_P)', '대출', '하나은행 신혼부부전세론(M_P) 상품', '2022-01-01', '판매중', 100000.00, 100000000.00, 3.598),
('P298_다둥이전세론M_P', '다둥이전세론(M_P)', '대출', '하나은행 다둥이전세론(M_P) 상품', '2022-01-01', '판매중', 100000.00, 100000000.00, 3.598),
('P299_우량주택전세론M_P', '우량주택전세론(M_P)', '대출', '하나은행 우량주택전세론(M_P) 상품', '2022-01-01', '판매중', 100000.00, 100000000.00, 3.878);

-- ProductRate 테이블 삽입
INSERT INTO ProductRate (RateID, ProductID, Period, BaseRate, BonusRate, TotalRate, MinAmount, MaxAmount) VALUES
('R032_01', 'P032_청년희망키움통장손님판매중단', '60개월', 2.0, 0.000, 2.0, 100000.00, 100000000.00),
('R033_01', 'P033_아이_꿈하나_적금', '1년', 2.95, 0.000, 2.95, 100000.00, 100000000.00),
('R034_01', 'P034_대전시청년희망통장고객판매중단', '36개월', 2.8, 0.000, 2.8, 100000.00, 100000000.00),
('R035_01', 'P035_급여하나_월복리_적금', '1년', 2.75, 0.000, 2.75, 100000.00, 100000000.00),
('R035_02', 'P035_급여하나_월복리_적금', '2년', 2.8, 0.000, 2.8, 100000.00, 100000000.00),
('R035_03', 'P035_급여하나_월복리_적금', '3년', 2.85, 0.000, 2.85, 100000.00, 100000000.00),
('R036_01', 'P036_연금하나_월복리_적금', '1년', 2.95, 0.000, 2.95, 100000.00, 100000000.00),
('R036_02', 'P036_연금하나_월복리_적금', '2년', 3.0, 0.000, 3.0, 100000.00, 100000000.00),
('R036_03', 'P036_연금하나_월복리_적금', '3년', 3.1, 0.000, 3.1, 100000.00, 100000000.00),
('R037_01', 'P037_주거래하나_월복리_적금', '1년제', 2.75, 0.000, 2.75, 100000.00, 100000000.00),
('R037_02', 'P037_주거래하나_월복리_적금', '2년제', 2.8, 0.000, 2.8, 100000.00, 100000000.00),
('R037_03', 'P037_주거래하나_월복리_적금', '3년제', 2.85, 0.000, 2.85, 100000.00, 100000000.00),
('R038_01', 'P038_하나_장병내일준비적금', '1개월이상~12개월미만', 3.5, 0.000, 3.5, 100000.00, 100000000.00),
('R038_02', 'P038_하나_장병내일준비적금', '12개월이상~15개월미만', 4.0, 0.000, 4.0, 100000.00, 100000000.00),
('R038_03', 'P038_하나_장병내일준비적금', '15개월이상~24개월이하', 5.0, 0.000, 5.0, 100000.00, 100000000.00),
('R039_01', 'P039_간편_적금판매중단', '1년', 0.6, 0.000, 0.6, 100000.00, 100000000.00),
('R040_01', 'P040_하나_더_적금한시판매', '12개월', 3.56, 0.000, 3.56, 100000.00, 100000000.00),
('R041_01', 'P041_미래_행복_통장기관', '78개월', 1.5, 0.000, 1.5, 100000.00, 100000000.00),
('R042_01', 'P042_제휴_적금판매중단', '1년', 3.15, 0.000, 3.15, 100000.00, 100000000.00),
('R043_01', 'P043_하나_원큐_적금판매중단', '1년', 2.3, 0.000, 2.3, 100000.00, 100000000.00),
('R044_01', 'P044_하나_아동수당_적금판매중단', '1년', 0.25, 0.000, 0.25, 100000.00, 100000000.00),
('R044_02', 'P044_하나_아동수당_적금판매중단', '2년', 0.35, 0.000, 0.35, 100000.00, 100000000.00),
('R044_03', 'P044_하나_아동수당_적금판매중단', '3년', 0.55, 0.000, 0.55, 100000.00, 100000000.00),
('R045_01', 'P045_마이트립My_Trip적금_일반형판매중', '1년', 0.5, 0.000, 0.5, 100000.00, 100000000.00),
('R046_01', 'P046_마이트립My_Trip적금_마일리지l형', '1년', 0.5, 0.000, 0.5, 100000.00, 100000000.00),
('R047_01', 'P047_마이트립My_Trip적금_마일리지ll', '1년', 0.5, 0.000, 0.5, 100000.00, 100000000.00),
('R048_01', 'P048_평생_군인_적금', '1년', 1.25, 0.000, 1.25, 100000.00, 100000000.00),
('R049_01', 'P049_금연성공_적금판매중단', '1년', 0.75, 0.000, 0.75, 100000.00, 100000000.00),
('R050_01', 'P050_청년저축계좌개인판매중단', '3년', 2.0, 0.000, 2.0, 100000.00, 100000000.00),
('R051_01', 'P051_청년저축계좌기관판매중단', '5년', 1.5, 0.000, 1.5, 100000.00, 100000000.00),
('R052_01', 'P052_손님케어적금', '1년', 3.1, 0.000, 3.1, 100000.00, 100000000.00),
('R053_01', 'P053_하나단체적금판매중단', '1년', 1.0, 0.000, 1.0, 100000.00, 100000000.00),
('R054_01', 'P054_펫사랑_적금', '1년', 2.3, 0.000, 2.3, 100000.00, 100000000.00),
('R055_01', 'P055_하나일리있는적금판매중단', '1년', 0.8, 0.000, 0.8, 100000.00, 100000000.00),
('R056_01', 'P056_하나의_여행_적금판매중단', '1년', 3.3, 0.000, 3.3, 100000.00, 100000000.00),
('R057_01', 'P057_태아_사랑하나_적금판매중단', '1년', 1.0, 0.000, 1.0, 100000.00, 100000000.00),
('R058_01', 'P058_하나_타이밍_적금', '1개월~6개월', 2.7, 0.000, 2.7, 100000.00, 100000000.00),
('R059_01', 'P059_하나_합_적금판매중단', '1년', 2.1, 0.000, 2.1, 100000.00, 100000000.00),
('R060_01', 'P060_에너지_챌린지_적금판매중단', '1년', 1.3, 0.000, 1.3, 100000.00, 100000000.00),
('R061_01', 'P061_하나_청년희망_적금판매중단', '2년', 5.0, 0.000, 5.0, 100000.00, 100000000.00),
('R062_01', 'P062_희망저축계좌I', '3년', 2.0, 0.000, 2.0, 100000.00, 100000000.00),
('R063_01', 'P063_근로소득장려금', '6년', 1.5, 0.000, 1.5, 100000.00, 100000000.00),
('R064_01', 'P064_희망저축계좌II', '3년', 2.0, 0.000, 2.0, 100000.00, 100000000.00),
('R065_01', 'P065_청년내일저축계좌', '3년', 2.0, 0.000, 2.0, 100000.00, 100000000.00),
('R066_01', 'P066_하나_나눔_적금판매중단', '1년', 3.0, 0.000, 3.0, 100000.00, 100000000.00),
('R067_01', 'P067_Best_11_적금판매중단', '6개월', 2.8, 0.000, 2.8, 100000.00, 100000000.00),
('R068_01', 'P068_부자씨_적금', '1년', 2.3, 0.000, 2.3, 100000.00, 100000000.00),
('R069_01', 'P069_하나_아이키움_적금', '1년', 2.0, 0.000, 2.0, 100000.00, 100000000.00),
('R070_01', 'P070_대전하나_축구사랑_적금', '1년', 1.8, 0.000, 1.8, 100000.00, 100000000.00),
('R071_01', 'P071_하나_청년도약계좌', '5년', 4.5, 0.000, 4.5, 100000.00, 100000000.00),
('R072_01', 'P072_대전시_미래두배_청년통장', '2년', 2.8, 0.000, 2.8, 100000.00, 100000000.00),
('R072_02', 'P072_대전시_미래두배_청년통장', '3년', 2.8, 0.000, 2.8, 100000.00, 100000000.00),
('R074_01', 'P074_트래블로그_여행_적금', '3개월이상~6개월미만', 1.8, 0.000, 1.8, 100000.00, 100000000.00),
('R074_02', 'P074_트래블로그_여행_적금', '6개월이상~12개월이하', 2.4, 0.000, 2.4, 100000.00, 100000000.00),
('R075_01', 'P075_하나_청년도약플러스_적금', '1년', 4.0, 0.000, 4.0, 100000.00, 100000000.00),
('R076_01', 'P076_K리그우승_적금', '3개월이상~12개월이하', 2.0, 0.000, 2.0, 100000.00, 100000000.00),
('R077_01', 'P077_달달하나_적금', '1년', 2.0, 0.000, 2.0, 100000.00, 100000000.00),
('R078_01', 'P078_하나_중소기업재직자_우대저축', '36개월', 3.0, 0.000, 3.0, 100000.00, 100000000.00),
('R078_02', 'P078_하나_중소기업재직자_우대저축', '60개월', 2.5, 0.000, 2.5, 100000.00, 100000000.00),
('R079_01', 'P079_하나더소호_가맹점_적금', '1년', 2.0, 0.000, 2.0, 100000.00, 100000000.00),
('R080_01', 'P080_하나더이지_적금', '1년', 2.0, 0.000, 2.0, 100000.00, 100000000.00),
('R081_01', 'P081_대한민국만세_80주년적금', '1년', 2.0, 0.000, 2.0, 100000.00, 100000000.00),
('R082_01', 'P082_오!_필승코리아_적금_2018판매중단', '12개월~23개월', 0.7, 0.000, 0.7, 100000.00, 100000000.00),
('R082_02', 'P082_오!_필승코리아_적금_2018판매중단', '24개월~35개월', 0.8, 0.000, 0.8, 100000.00, 100000000.00),
('R082_03', 'P082_오!_필승코리아_적금_2018판매중단', '36개월', 0.9, 0.000, 0.9, 100000.00, 100000000.00),
('R083_01', 'P083_시티즌_팬사랑_적금판매중단', '1년', 1.3, 0.000, 1.3, 100000.00, 100000000.00),
('R084_01', 'P084_내맘_적금', '6개월이상~7개월미만', 2.0, 0.000, 2.0, 100000.00, 100000000.00),
('R084_02', 'P084_내맘_적금', '7개월이상~13개월미만', 2.1, 0.000, 2.1, 100000.00, 100000000.00),
('R084_03', 'P084_내맘_적금', '13개월이상~25개월미만', 2.2, 0.000, 2.2, 100000.00, 100000000.00),
('R084_04', 'P084_내맘_적금', '25개월이상~37개월미만', 2.3, 0.000, 2.3, 100000.00, 100000000.00),
('R084_05', 'P084_내맘_적금', '37개월이상~60개월이하', 2.4, 0.000, 2.4, 100000.00, 100000000.00),
('R085_01', 'P085_하나머니세상_적금판매중단', '6개월이상12개월미만', 0.4, 0.000, 0.4, 100000.00, 100000000.00),
('R085_02', 'P085_하나머니세상_적금판매중단', '1년', 0.4, 0.000, 0.4, 100000.00, 100000000.00),
('R086_01', 'P086_청년희망키움통장중앙자활센터판매중단', '72개월', 1.75, 0.000, 1.75, 100000.00, 100000000.00),
('R087_01', 'P087_대전시청년희망통장위탁기관', '60개월', 1.6, 0.000, 1.6, 100000.00, 100000000.00),
('R088_01', 'P088_오늘은_얼마니?_적금판매중단', '6개월', 0.25, 0.000, 0.25, 100000.00, 100000000.00),
('R088_02', 'P088_오늘은_얼마니?_적금판매중단', '12개월이상~23개월이하', 0.45, 0.000, 0.45, 100000.00, 100000000.00),
('R088_03', 'P088_오늘은_얼마니?_적금판매중단', '24개월이상~35개월이하', 0.55, 0.000, 0.55, 100000.00, 100000000.00),
('R088_04', 'P088_오늘은_얼마니?_적금판매중단', '36개월', 0.65, 0.000, 0.65, 100000.00, 100000000.00),
('R089_01', 'P089_도전_365_적금', '1년', 1.8, 0.000, 1.8, 100000.00, 100000000.00),
('R090_01', 'P090_자유적금', '6개월 이상', 1.9, 0.000, 1.9, 100000.00, 100000000.00),
('R090_02', 'P090_자유적금', '1년 이상', 2.0, 0.000, 2.0, 100000.00, 100000000.00),
('R090_03', 'P090_자유적금', '2년 이상', 2.1, 0.000, 2.1, 100000.00, 100000000.00),
('R090_04', 'P090_자유적금', '3년 이상', 2.2, 0.000, 2.2, 100000.00, 100000000.00),
('R090_05', 'P090_자유적금', '5년 이상', 2.3, 0.000, 2.3, 100000.00, 100000000.00),
('R091_01', 'P091_T핀크적금판매중단', '1년', 1.35, 0.000, 1.35, 100000.00, 100000000.00),
('R091_02', 'P091_T핀크적금판매중단', '2년', 1.35, 0.000, 1.35, 100000.00, 100000000.00),
('R092_01', 'P092_하나된_평창_적금판매중단', '1년', 0.85, 0.000, 0.85, 100000.00, 100000000.00),
('R093_01', 'P093_내집마련더블업적금', '1년제', 2.25, 0.000, 2.25, 100000.00, 100000000.00),
('R093_02', 'P093_내집마련더블업적금', '2년제', 1.75, 0.000, 1.75, 100000.00, 100000000.00),
('R094_01', 'P094_두리하나_적금판매중단', '1년', 1.85, 0.000, 1.85, 100000.00, 100000000.00),
('R094_02', 'P094_두리하나_적금판매중단', '2년', 2.05, 0.000, 2.05, 100000.00, 100000000.00),
('R094_03', 'P094_두리하나_적금판매중단', '3년', 2.25, 0.000, 2.25, 100000.00, 100000000.00),
('R095_01', 'P095_K리그_팬사랑_적금판매중단', '1년', 1.1, 0.000, 1.1, 100000.00, 100000000.00),
('R096_01', 'P096_LPGA_팬사랑_적금판매중단', '1년', 1.1, 0.000, 1.1, 100000.00, 100000000.00),
('R097_01', 'P097_하나멤버스_주거래_우대적금판매중단', '1년', 1.9, 0.000, 1.9, 100000.00, 100000000.00),
('R098_01', 'P098_Young_하나_적금판매중단', '1년', 0.65, 0.000, 0.65, 100000.00, 100000000.00),
('R099_01', 'P099_행복Together적금판매중단', '1년', 0.85, 0.000, 0.85, 100000.00, 100000000.00),
('R099_02', 'P099_행복Together적금판매중단', '2년', 0.95, 0.000, 0.95, 100000.00, 100000000.00),
('R099_03', 'P099_행복Together적금판매중단', '3년', 1.05, 0.000, 1.05, 100000.00, 100000000.00),
('R099_04', 'P099_행복Together적금판매중단', '5년', 1.15, 0.000, 1.15, 100000.00, 100000000.00),
('R100_01', 'P100_바보의_나눔_적금판매중단', '1년 이상', 0.85, 0.000, 0.85, 100000.00, 100000000.00),
('R100_02', 'P100_바보의_나눔_적금판매중단', '2년 이상', 0.95, 0.000, 0.95, 100000.00, 100000000.00),
('R100_03', 'P100_바보의_나눔_적금판매중단', '3년', 1.05, 0.000, 1.05, 100000.00, 100000000.00),
('R101_01', 'P101_늘하나적금판매중단', '3년', 0.75, 0.000, 0.75, 100000.00, 100000000.00),
('R101_02', 'P101_늘하나적금판매중단', '5년', 0.85, 0.000, 0.85, 100000.00, 100000000.00),
('R102_01', 'P102_나라지킴이_적금판매중단', '1년 미만', 2.0, 0.000, 2.0, 100000.00, 100000000.00),
('R102_02', 'P102_나라지킴이_적금판매중단', '1년 이상', 3.2, 0.000, 3.2, 100000.00, 100000000.00),
('R102_03', 'P102_나라지킴이_적금판매중단', '2년', 3.3, 0.000, 3.3, 100000.00, 100000000.00),
('R103_01', 'P103_아이_사랑해_적금판매중단', '1년', 1.8, 0.000, 1.8, 100000.00, 100000000.00),
('R103_02', 'P103_아이_사랑해_적금판매중단', '2년', 2.0, 0.000, 2.0, 100000.00, 100000000.00),
('R103_03', 'P103_아이_사랑해_적금판매중단', '3년', 2.2, 0.000, 2.2, 100000.00, 100000000.00),
('R103_04', 'P103_아이_사랑해_적금판매중단', '5년', 2.3, 0.000, 2.3, 100000.00, 100000000.00),
('R104_01', 'P104_오!_필승_코리아_적금_2016판매중', '1년 이상', 1.4, 0.000, 1.4, 100000.00, 100000000.00),
('R104_02', 'P104_오!_필승_코리아_적금_2016판매중', '2년 이상', 1.5, 0.000, 1.5, 100000.00, 100000000.00),
('R104_03', 'P104_오!_필승_코리아_적금_2016판매중', '3년', 1.6, 0.000, 1.6, 100000.00, 100000000.00),
('R105_01', 'P105_119_생명지킴이_적금판매중단', '1년', 1.6, 0.000, 1.6, 100000.00, 100000000.00),
('R106_01', 'P106_희망_키움_통장II___중앙자활센터판', '60개월', 1.5, 0.000, 1.5, 100000.00, 100000000.00),
('R107_01', 'P107_넘버엔월복리_적금판매중단', '1년', 1.7, 0.000, 1.7, 100000.00, 100000000.00),
('R107_02', 'P107_넘버엔월복리_적금판매중단', '2년', 1.8, 0.000, 1.8, 100000.00, 100000000.00),
('R107_03', 'P107_넘버엔월복리_적금판매중단', '3년', 1.9, 0.000, 1.9, 100000.00, 100000000.00),
('R108_01', 'P108_씨크릿_적금판매중단', '2년 이상', 1.6, 0.000, 1.6, 100000.00, 100000000.00),
('R108_02', 'P108_씨크릿_적금판매중단', '3년 이상', 1.7, 0.000, 1.7, 100000.00, 100000000.00),
('R108_03', 'P108_씨크릿_적금판매중단', '5년', 1.8, 0.000, 1.8, 100000.00, 100000000.00),
('R109_01', 'P109_윙고빙고_적금판매중단', '1년', 1.4, 0.000, 1.4, 100000.00, 100000000.00),
('R109_02', 'P109_윙고빙고_적금판매중단', '2년', 1.5, 0.000, 1.5, 100000.00, 100000000.00),
('R110_01', 'P110_e_플러스_적금판매중단', '1년', 1.35, 0.000, 1.35, 100000.00, 100000000.00),
('R110_02', 'P110_e_플러스_적금판매중단', '2년', 1.45, 0.000, 1.45, 100000.00, 100000000.00),
('R110_03', 'P110_e_플러스_적금판매중단', '3년', 1.55, 0.000, 1.55, 100000.00, 100000000.00),
('R111_01', 'P111_Self_Gifting_셀프_기프팅_', '1년', 0.3, 0.000, 0.3, 100000.00, 100000000.00),
('R112_01', 'P112_Easy_One_Pack_이지원_팩_', '1년', 0.5, 0.000, 0.5, 100000.00, 100000000.00),
('R113_01', 'P113_함께하는_사랑_적금판매중단', '12개월이상~24개월미만', 1.0, 0.000, 1.0, 100000.00, 100000000.00),
('R113_02', 'P113_함께하는_사랑_적금판매중단', '24개월이상~36개월미만', 1.1, 0.000, 1.1, 100000.00, 100000000.00),
('R113_03', 'P113_함께하는_사랑_적금판매중단', '36개월', 1.2, 0.000, 1.2, 100000.00, 100000000.00),
('R114_01', 'P114_꿈나무_적금판매중단', '1년 이상', 2.65, 0.000, 2.65, 100000.00, 100000000.00),
('R114_02', 'P114_꿈나무_적금판매중단', '2년 이상', 2.75, 0.000, 2.75, 100000.00, 100000000.00),
('R114_03', 'P114_꿈나무_적금판매중단', '3년', 2.85, 0.000, 2.85, 100000.00, 100000000.00),
('R115_01', 'P115_나의_소원_적금판매중단', '1년 미만', 0.65, 0.000, 0.65, 100000.00, 100000000.00),
('R115_02', 'P115_나의_소원_적금판매중단', '1년 이상', 0.75, 0.000, 0.75, 100000.00, 100000000.00),
('R115_03', 'P115_나의_소원_적금판매중단', '2년 이상', 0.85, 0.000, 0.85, 100000.00, 100000000.00),
('R115_04', 'P115_나의_소원_적금판매중단', '3년', 0.95, 0.000, 0.95, 100000.00, 100000000.00),
('R116_01', 'P116_1004나눔_적금판매중단', '1년', 1.3, 0.000, 1.3, 100000.00, 100000000.00),
('R116_02', 'P116_1004나눔_적금판매중단', '2년', 1.4, 0.000, 1.4, 100000.00, 100000000.00),
('R116_03', 'P116_1004나눔_적금판매중단', '3년', 1.5, 0.000, 1.5, 100000.00, 100000000.00),
('R117_01', 'P117_나이스_샷_골프_적금판매중단', '1년 이상', 0.75, 0.000, 0.75, 100000.00, 100000000.00),
('R117_02', 'P117_나이스_샷_골프_적금판매중단', '2년 이상', 0.85, 0.000, 0.85, 100000.00, 100000000.00),
('R117_03', 'P117_나이스_샷_골프_적금판매중단', '3년', 0.95, 0.000, 0.95, 100000.00, 100000000.00),
('R118_01', 'P118_행복ㆍ건강_S_라인적금판매중단', '1년 이상', 0.8, 0.000, 0.8, 100000.00, 100000000.00),
('R118_02', 'P118_행복ㆍ건강_S_라인적금판매중단', '2년 이상', 0.9, 0.000, 0.9, 100000.00, 100000000.00),
('R118_03', 'P118_행복ㆍ건강_S_라인적금판매중단', '3년', 1.0, 0.000, 1.0, 100000.00, 100000000.00),
('R119_01', 'P119_행복한_가족_적금판매중단', '1년', 0.5, 0.000, 0.5, 100000.00, 100000000.00),
('R119_02', 'P119_행복한_가족_적금판매중단', '2년', 0.6, 0.000, 0.6, 100000.00, 100000000.00),
('R119_03', 'P119_행복한_가족_적금판매중단', '3년', 0.7, 0.000, 0.7, 100000.00, 100000000.00),
('R120_01', 'P120_순천만정원_사랑_적금판매중단', '1년 이상', 0.55, 0.000, 0.55, 100000.00, 100000000.00),
('R120_02', 'P120_순천만정원_사랑_적금판매중단', '2년 이상', 0.65, 0.000, 0.65, 100000.00, 100000000.00),
('R120_03', 'P120_순천만정원_사랑_적금판매중단', '3년', 0.75, 0.000, 0.75, 100000.00, 100000000.00),
('R121_01', 'P121_행복나눔_적금판매중단', '1년 이상', 0.7, 0.000, 0.7, 100000.00, 100000000.00),
('R121_02', 'P121_행복나눔_적금판매중단', '2년 이상', 0.8, 0.000, 0.8, 100000.00, 100000000.00),
('R121_03', 'P121_행복나눔_적금판매중단', '3년', 0.9, 0.000, 0.9, 100000.00, 100000000.00),
('R122_01', 'P122_하나_미소드림_적금', '1년', 3.6, 0.000, 3.6, 100000.00, 100000000.00),
('R122_02', 'P122_하나_미소드림_적금', '2년', 3.8, 0.000, 3.8, 100000.00, 100000000.00),
('R122_03', 'P122_하나_미소드림_적금', '3년 이상', 4.0, 0.000, 4.0, 100000.00, 100000000.00),
('R123_01', 'P123_168_적금판매중단', '6개월 이상 ~ 1년 미만', 0.9, 0.000, 0.9, 100000.00, 100000000.00),
('R123_02', 'P123_168_적금판매중단', '1년', 1.0, 0.000, 1.0, 100000.00, 100000000.00),
('R124_01', 'P124_새희망_근로_적금판매중단', '3년', 2.3, 0.000, 2.3, 100000.00, 100000000.00),
('R124_02', 'P124_새희망_근로_적금판매중단', '5년', 2.3, 0.000, 2.3, 100000.00, 100000000.00),
('R125_01', 'P125_희망키움_통장고객판매중단', '3년', 2.0, 0.000, 2.0, 100000.00, 100000000.00),
('R126_01', 'P126_희망키움_통장중앙자활센터판매중단', '60개월', 1.5, 0.000, 1.5, 100000.00, 100000000.00),
('R127_01', 'P127_내일키움_통장고객판매중단', '3년', 2.0, 0.000, 2.0, 100000.00, 100000000.00),
('R128_01', 'P128_내일키움_통장중앙자활센터판매중단', '60개월', 1.5, 0.000, 1.5, 100000.00, 100000000.00),
('R129_01', 'P129_희망_키움_통장II___고객판매중단', '3년', 2.0, 0.000, 2.0, 100000.00, 100000000.00),
('R130_01', 'P130_미래_행복_통장개인', '72개월', 2.5, 0.000, 2.5, 100000.00, 100000000.00),
('R131_01', 'P131_정기적금', '6개월 이상', 1.9, 0.000, 1.9, 100000.00, 100000000.00),
('R131_02', 'P131_정기적금', '1년 이상', 2.0, 0.000, 2.0, 100000.00, 100000000.00),
('R131_03', 'P131_정기적금', '2년 이상', 2.1, 0.000, 2.1, 100000.00, 100000000.00),
('R131_04', 'P131_정기적금', '3년 이상', 2.2, 0.000, 2.2, 100000.00, 100000000.00),
('R131_05', 'P131_정기적금', '5년', 2.3, 0.000, 2.3, 100000.00, 100000000.00),
('R132_01', 'P132_상호부금', '6개월 이상', 1.65, 0.000, 1.65, 100000.00, 100000000.00),
('R132_02', 'P132_상호부금', '1년 이상', 1.75, 0.000, 1.75, 100000.00, 100000000.00),
('R132_03', 'P132_상호부금', '2년 이상', 1.85, 0.000, 1.85, 100000.00, 100000000.00),
('R132_04', 'P132_상호부금', '3년 이상', 1.95, 0.000, 1.95, 100000.00, 100000000.00),
('R132_05', 'P132_상호부금', '4년 이상', 1.95, 0.000, 1.95, 100000.00, 100000000.00),
('R132_06', 'P132_상호부금', '5년', 2.05, 0.000, 2.05, 100000.00, 100000000.00),
('R133_01', 'P133_주택청약부금', '3년', 2.85, 0.000, 2.85, 100000.00, 100000000.00),
('R134_01', 'P134_주택청약종합저축', '1개월 이내', 0.0, 0.000, 0.0, 100000.00, 100000000.00),
('R134_02', 'P134_주택청약종합저축', '1개월초과 1년미만', 2.3, 0.000, 2.3, 100000.00, 100000000.00),
('R134_03', 'P134_주택청약종합저축', '1년이상 2년 미만', 2.8, 0.000, 2.8, 100000.00, 100000000.00),
('R134_04', 'P134_주택청약종합저축', '2년이상', 3.1, 0.000, 3.1, 100000.00, 100000000.00),
('R135_01', 'P135_신비과세_장기저축판매중단', '변동금리', 3.1, 0.000, 3.1, 100000.00, 100000000.00),
('R136_01', 'P136_신비과세_장기저축보너스형판매중단', '변동금리', 3.1, 0.000, 3.1, 100000.00, 100000000.00),
('R137_01', 'P137_하나_My_Plan_비과세저축판매중단', '변동금리', 3.1, 0.000, 3.1, 100000.00, 100000000.00),
('R137_02', 'P137_하나_My_Plan_비과세저축판매중단', '가입 3년 이후 매 1년마다 해당시점 고시금리', 1.75, 0.000, 1.75, 100000.00, 100000000.00),
('R138_01', 'P138_하나_비과세_복리적금판매중단', '최초가입 후 3년(확정) 이후 매 3년 단위', 1.1, 0.000, 1.1, 100000.00, 100000000.00),
('R139_01', 'P139_장기주택마련저축판매중단', '변동금리', 3.1, 0.000, 3.1, 100000.00, 100000000.00),
('R140_01', 'P140_부자되는_적금판매중단', '2년', 0.4, 0.000, 0.4, 100000.00, 100000000.00),
('R140_02', 'P140_부자되는_적금판매중단', '3년', 0.6, 0.000, 0.6, 100000.00, 100000000.00),
('R141_01', 'P141_난_할_수_있어_적금2판매중단', '6개월 이상 12개월 이하', 0.7, 0.000, 0.7, 100000.00, 100000000.00),
('R142_01', 'P142_하나_와인처럼_적금판매중단', '6개월', 0.2, 0.000, 0.2, 100000.00, 100000000.00),
('R142_02', 'P142_하나_와인처럼_적금판매중단', '1년', 0.3, 0.000, 0.3, 100000.00, 100000000.00),
('R142_03', 'P142_하나_와인처럼_적금판매중단', '2년', 0.5, 0.000, 0.5, 100000.00, 100000000.00),
('R142_04', 'P142_하나_와인처럼_적금판매중단', '3년', 0.7, 0.000, 0.7, 100000.00, 100000000.00),
('R143_01', 'P143_하나_재형저축판매중단', '최초 가입 후 3년(확정) 이후 1년 단위', 3.15, 0.000, 3.15, 100000.00, 100000000.00),
('R144_01', 'P144_신재형저축판매중단', '최초 3년', 1.5, 0.000, 1.5, 100000.00, 100000000.00),
('R144_02', 'P144_신재형저축판매중단', '3년 초과 ~ 7년', 1.5, 0.000, 1.5, 100000.00, 100000000.00),
('R144_03', 'P144_신재형저축판매중단', '7년 초과 ~ 10년(최장)', 1.5, 0.000, 1.5, 100000.00, 100000000.00),
('R145_01', 'P145_내자녀_성공기_적금판매중단', '1년', 1.6, 0.000, 1.6, 100000.00, 100000000.00),
('R146_01', 'P146_두리하나_정기예금판매중단', '1년', 1.6, 0.000, 1.6, 100000.00, 100000000.00),
('R147_01', 'P147_황금드림_정기예금판매중단', '12개월', 1.2, 0.000, 1.2, 100000.00, 100000000.00),
('R147_02', 'P147_황금드림_정기예금판매중단', '18개월', 1.2, 0.000, 1.2, 100000.00, 100000000.00),
('R148_01', 'P148_특판정기예금한시판매', '12개월', 1.02, 0.000, 1.02, 100000.00, 100000000.00),
('R148_02', 'P148_특판정기예금한시판매', '18개월', 1.0, 0.000, 1.0, 100000.00, 100000000.00),
('R149_01', 'P149_하나원큐_정기예금판매중단', '1년', 1.15, 0.000, 1.15, 100000.00, 100000000.00),
('R150_01', 'P150_언제나청춘정기예금판매중단', '1년', 0.9, 0.000, 0.9, 100000.00, 100000000.00),
('R151_01', 'P151_하나더예금판매중단', '1년', 2.65, 0.000, 2.65, 100000.00, 100000000.00),
('R152_01', 'P152_하나의_정기예금', '1개월 이상', 1.8, 0.000, 1.8, 100000.00, 100000000.00),
('R152_02', 'P152_하나의_정기예금', '3개월 이상', 1.9, 0.000, 1.9, 100000.00, 100000000.00),
('R152_03', 'P152_하나의_정기예금', '6개월 이상', 2.0, 0.000, 2.0, 100000.00, 100000000.00),
('R152_04', 'P152_하나의_정기예금', '9개월 이상', 2.0, 0.000, 2.0, 100000.00, 100000000.00),
('R152_05', 'P152_하나의_정기예금', '12개월 이상', 2.05, 0.000, 2.05, 100000.00, 100000000.00),
('R152_06', 'P152_하나의_정기예금', '13개월 이상', 2.05, 0.000, 2.05, 100000.00, 100000000.00),
('R152_07', 'P152_하나의_정기예금', '18개월 이상', 2.05, 0.000, 2.05, 100000.00, 100000000.00),
('R152_08', 'P152_하나의_정기예금', '24개월 이상', 2.05, 0.000, 2.05, 100000.00, 100000000.00),
('R152_09', 'P152_하나의_정기예금', '36개월 이상', 2.05, 0.000, 2.05, 100000.00, 100000000.00),
('R152_10', 'P152_하나의_정기예금', '48개월 이상', 2.15, 0.000, 2.15, 100000.00, 100000000.00),
('R152_11', 'P152_하나의_정기예금', '60개월', 2.15, 0.000, 2.15, 100000.00, 100000000.00),
('R153_01', 'P153_1년_연동형_정기예금보증보험용', '1년', 1.85, 0.000, 1.85, 100000.00, 100000000.00),
('R154_01', 'P154_행복Together정기예금판매중단', '1년', 1.3, 0.000, 1.3, 100000.00, 100000000.00),
('R155_01', 'P155_오!_필승코리아_정기예금_2016판매', '1년', 1.3, 0.000, 1.3, 100000.00, 100000000.00),
('R156_01', 'P156_리틀빅_정기예금판매중단', '1년', 0.5, 0.000, 0.5, 100000.00, 100000000.00),
('R157_01', 'P157_하나된_평창_정기예금판매중단', '1년', 0.85, 0.000, 0.85, 100000.00, 100000000.00),
('R158_01', 'P158_MMDA형_정기예금판매중단', '1년', 1.6, 0.000, 1.6, 100000.00, 100000000.00),
('R159_01', 'P159_행복knowhow_연금예금', '1년', 2.2, 0.000, 2.2, 100000.00, 100000000.00),
('R159_02', 'P159_행복knowhow_연금예금', '2년', 2.3, 0.000, 2.3, 100000.00, 100000000.00),
('R159_03', 'P159_행복knowhow_연금예금', '3년', 2.3, 0.000, 2.3, 100000.00, 100000000.00),
('R160_01', 'P160_N플러스_정기예금판매중단', '6개월 이상', 0.5, 0.000, 0.5, 100000.00, 100000000.00),
('R160_02', 'P160_N플러스_정기예금판매중단', '1년 이상', 0.65, 0.000, 0.65, 100000.00, 100000000.00),
('R160_03', 'P160_N플러스_정기예금판매중단', '2년 이상', 0.7, 0.000, 0.7, 100000.00, 100000000.00),
('R160_04', 'P160_N플러스_정기예금판매중단', '3년', 0.75, 0.000, 0.75, 100000.00, 100000000.00),
('R161_01', 'P161_Easy_One_Pack이지원_팩_정', '3개월 미만', 1.1, 0.000, 1.1, 100000.00, 100000000.00),
('R161_02', 'P161_Easy_One_Pack이지원_팩_정', '6개월 미만', 1.2, 0.000, 1.2, 100000.00, 100000000.00),
('R161_03', 'P161_Easy_One_Pack이지원_팩_정', '1년 미만', 1.2, 0.000, 1.2, 100000.00, 100000000.00),
('R161_04', 'P161_Easy_One_Pack이지원_팩_정', '1년', 1.3, 0.000, 1.3, 100000.00, 100000000.00),
('R162_01', 'P162_e_플러스_정기예금판매중단', '1개월 이상', 0.25, 0.000, 0.25, 100000.00, 100000000.00),
('R162_02', 'P162_e_플러스_정기예금판매중단', '3개월 이상', 0.25, 0.000, 0.25, 100000.00, 100000000.00),
('R162_03', 'P162_e_플러스_정기예금판매중단', '6개월 이상', 0.45, 0.000, 0.45, 100000.00, 100000000.00),
('R162_04', 'P162_e_플러스_정기예금판매중단', '1년 이상', 0.6, 0.000, 0.6, 100000.00, 100000000.00),
('R162_05', 'P162_e_플러스_정기예금판매중단', '2년 이상', 0.65, 0.000, 0.65, 100000.00, 100000000.00),
('R162_06', 'P162_e_플러스_정기예금판매중단', '3년', 0.75, 0.000, 0.75, 100000.00, 100000000.00),
('R163_01', 'P163_369_정기예금', '3개월(중도해지)', 0.7, 0.000, 0.7, 100000.00, 100000000.00),
('R163_02', 'P163_369_정기예금', '6개월(중도해지)', 0.8, 0.000, 0.8, 100000.00, 100000000.00),
('R163_03', 'P163_369_정기예금', '9개월(중도해지)', 0.9, 0.000, 0.9, 100000.00, 100000000.00),
('R163_04', 'P163_369_정기예금', '1년', 2.2, 0.000, 2.2, 100000.00, 100000000.00),
('R164_01', 'P164_펀드사랑_정기예금판매중단', '1년 이상', 1.2, 0.000, 1.2, 100000.00, 100000000.00),
('R164_02', 'P164_펀드사랑_정기예금판매중단', '2년 이상', 1.3, 0.000, 1.3, 100000.00, 100000000.00),
('R164_03', 'P164_펀드사랑_정기예금판매중단', '3년', 1.4, 0.000, 1.4, 100000.00, 100000000.00),
('R165_01', 'P165_CD연동_정기예금판매중단', '6개월(금리는 CD금리 대비)', 0.2, 0.000, 0.2, 100000.00, 100000000.00),
('R165_02', 'P165_CD연동_정기예금판매중단', '1년(금리는 CD금리 대비)', 0.2, 0.000, 0.2, 100000.00, 100000000.00),
('R165_03', 'P165_CD연동_정기예금판매중단', '2년(금리는 CD금리 대비)', 0.1, 0.000, 0.1, 100000.00, 100000000.00),
('R165_04', 'P165_CD연동_정기예금판매중단', '3년(금리는 CD금리 대비)', 0.0, 0.000, 0.0, 100000.00, 100000000.00),
('R165_05', 'P165_CD연동_정기예금판매중단', 'CD금리', 2.5, 0.000, 2.5, 100000.00, 100000000.00),
('R166_01', 'P166_주택청약예금', '1년', 2.1, 0.000, 2.1, 100000.00, 100000000.00),
('R167_01', 'P167_주거래_정기예금판매중단', '1년', 0.75, 0.000, 0.75, 100000.00, 100000000.00),
('R168_01', 'P168_정기예금', '1개월', 1.6, 0.000, 1.6, 100000.00, 100000000.00),
('R168_02', 'P168_정기예금', '3개월', 1.7, 0.000, 1.7, 100000.00, 100000000.00),
('R168_03', 'P168_정기예금', '6개월', 1.8, 0.000, 1.8, 100000.00, 100000000.00),
('R168_04', 'P168_정기예금', '1년', 1.85, 0.000, 1.85, 100000.00, 100000000.00),
('R168_05', 'P168_정기예금', '2년', 1.85, 0.000, 1.85, 100000.00, 100000000.00),
('R168_06', 'P168_정기예금', '3년', 1.85, 0.000, 1.85, 100000.00, 100000000.00),
('R168_07', 'P168_정기예금', '4년', 1.85, 0.000, 1.85, 100000.00, 100000000.00),
('R168_08', 'P168_정기예금', '5년', 1.85, 0.000, 1.85, 100000.00, 100000000.00),
('R169_01', 'P169_하나머니세상_정기예금판매중단', '6개월', 0.2, 0.000, 0.2, 100000.00, 100000000.00),
('R169_02', 'P169_하나머니세상_정기예금판매중단', '1년', 0.4, 0.000, 0.4, 100000.00, 100000000.00),
('R170_01', 'P170_양도성_예금증서CD', '30일~89일', 1.75, 0.000, 1.75, 100000.00, 100000000.00),
('R170_02', 'P170_양도성_예금증서CD', '90일~180일', 1.85, 0.000, 1.85, 100000.00, 100000000.00),
('R170_03', 'P170_양도성_예금증서CD', '181일~364일', 1.95, 0.000, 1.95, 100000.00, 100000000.00),
('R170_04', 'P170_양도성_예금증서CD', '365일', 2.0, 0.000, 2.0, 100000.00, 100000000.00),
('R170_05', 'P170_양도성_예금증서CD', '1년초과~2년미만', 2.05, 0.000, 2.05, 100000.00, 100000000.00),
('R170_06', 'P170_양도성_예금증서CD', '2년이상~3년미만', 2.15, 0.000, 2.15, 100000.00, 100000000.00),
('R170_07', 'P170_양도성_예금증서CD', '3년이상~5년이하', 2.25, 0.000, 2.25, 100000.00, 100000000.00),
('R171_01', 'P171_고단위플러스_금리확정형', '1개월 이상~3개월 미만', 1.7, 0.000, 1.7, 100000.00, 100000000.00),
('R171_02', 'P171_고단위플러스_금리확정형', '3개월 이상~6개월 미만', 1.8, 0.000, 1.8, 100000.00, 100000000.00),
('R171_03', 'P171_고단위플러스_금리확정형', '6개월 이상~1년 미만', 1.9, 0.000, 1.9, 100000.00, 100000000.00),
('R171_04', 'P171_고단위플러스_금리확정형', '1년 이상~2년 미만', 1.95, 0.000, 1.95, 100000.00, 100000000.00),
('R171_05', 'P171_고단위플러스_금리확정형', '2년 이상~3년 미만', 1.95, 0.000, 1.95, 100000.00, 100000000.00),
('R171_06', 'P171_고단위플러스_금리확정형', '3년 이상~4년 미만', 1.95, 0.000, 1.95, 100000.00, 100000000.00),
('R171_07', 'P171_고단위플러스_금리확정형', '4년 이상~5년 미만', 2.05, 0.000, 2.05, 100000.00, 100000000.00),
('R171_08', 'P171_고단위플러스_금리확정형', '5년 이상', 2.05, 0.000, 2.05, 100000.00, 100000000.00),
('R172_01', 'P172_고단위플러스_금리연동형', '1개월 연동형', 1.7, 0.000, 1.7, 100000.00, 100000000.00),
('R172_02', 'P172_고단위플러스_금리연동형', '3개월 연동형', 1.8, 0.000, 1.8, 100000.00, 100000000.00),
('R172_03', 'P172_고단위플러스_금리연동형', '6개월 연동형', 1.9, 0.000, 1.9, 100000.00, 100000000.00),
('R172_04', 'P172_고단위플러스_금리연동형', '1년 연동형', 1.95, 0.000, 1.95, 100000.00, 100000000.00),
('R173_01', 'P173_빅팟BIGPOT_정기예금판매중단', '1개월 이상~3개월 미만', 1.8, 0.000, 1.8, 100000.00, 100000000.00),
('R173_02', 'P173_빅팟BIGPOT_정기예금판매중단', '3개월 이상~6개월 미만', 1.9, 0.000, 1.9, 100000.00, 100000000.00),
('R173_03', 'P173_빅팟BIGPOT_정기예금판매중단', '6개월 이상~1년 미만', 2.0, 0.000, 2.0, 100000.00, 100000000.00),
('R173_04', 'P173_빅팟BIGPOT_정기예금판매중단', '1년 이상~2년 미만', 2.05, 0.000, 2.05, 100000.00, 100000000.00),
('R173_05', 'P173_빅팟BIGPOT_정기예금판매중단', '2년 이상~3년 미만', 2.05, 0.000, 2.05, 100000.00, 100000000.00),
('R173_06', 'P173_빅팟BIGPOT_정기예금판매중단', '3년', 2.05, 0.000, 2.05, 100000.00, 100000000.00),
('R200_01', 'P200_행복knowhow_주거래_우대통장판매', '연금이체시 2백만원 한도(※2백만원초과 또는 연금 미이체시 보통예금(0.1%),저축예금(0.1%) 금리)', 1.0, 0.000, 1.0, 100000.00, 100000000.00),
('R203_01', 'P203_뱅크월렛_카카오통장판매중단', '뱅크월렛(또는 N월렛) 연결계좌 등록 시(※ 미등록시 저축예금(0.1%) 금리 적용)', 0.5, 0.000, 0.5, 100000.00, 100000000.00),
('R212_01', 'P212_119_생명지킴이_통장판매중단', '연금이체시 2백만원 한도(※2백만원초과 또는 연금 미이체시 보통예금(0.1%),저축예금(0.1%) 금리)', 1.0, 0.000, 1.0, 100000.00, 100000000.00),
('R216_01', 'P216_하나_희망지킴이_통장판매중단', '연금 수령 전용통장', 0.5, 0.000, 0.5, 100000.00, 100000000.00),
('R219_01', 'P219_하나_퇴직공제금_지킴이_통장판매중단', '건설근로자 중 퇴직공제금 수급 전용통장', 0.5, 0.000, 0.5, 100000.00, 100000000.00),
('R221_01', 'P221_사학연금평생안심통장', '연금 수령 전용통장', 0.5, 0.000, 0.5, 100000.00, 100000000.00),
('R227_01', 'P227_하나_기부금_통장판매중단', '세법 상 기부금 단체 전용통장', 0.5, 0.000, 0.5, 100000.00, 100000000.00),
('R231_01', 'P231_부자되는_연금통장하나_행복연금통장판매', '조건 미충족시', 0.0, 0.000, 0.0, 100000.00, 100000000.00),
('R231_02', 'P231_부자되는_연금통장하나_행복연금통장판매', '연금이체시 2백만원 한도(※2백만원초과 또는 연금 미이체시 보통예금(0.1%),저축예금(0.1%) 금리)', 1.0, 0.000, 1.0, 100000.00, 100000000.00);

-- LoanRate 테이블 삽입
INSERT INTO LoanRate (LoanRateID, ProductID, RateType, BaseRate, SpreadRate, BonusRate, MinRate, MaxRate, RateChangeCycle) VALUES
('LR234_01', 'P234_하나원큐아파트론혼합', '5년물 금융채 유통수익률', 2.794, 1.49, 0.8, 3.484, 4.284, '만기일시'),
('LR235_01', 'P235_하나원큐아파트론변동', '6개월물 금융채 유통수익률', 2.516, 2.301, 0.8, 4.017, 4.817, '6개월'),
('LR236_01', 'P236_하나원큐주택담보대출혼합', '5년물 금융채 유통수익률', 2.794, 1.69, 0.8, 3.684, 4.484, '만기일시'),
('LR237_01', 'P237_하나원큐주택담보대출변동', '6개월물 금융채 유통수익률', 2.516, 2.501, 0.8, 4.217, 5.017, '6개월'),
('LR238_01', 'P238_하나_혼합금리_모기지론', '3년물 금융채 유통수익률', 2.609, 2.93, 1.3, 4.239, 5.539, '만기일시'),
('LR238_02', 'P238_하나_혼합금리_모기지론', '5년물 금융채 유통수익률', 2.794, 2.72, 1.3, 4.214, 5.514, '만기일시'),
('LR239_01', 'P239_하나_변동금리_모기지론', '91물 CD유통수익률', 2.5, 2.99, 1.3, 4.19, 5.49, '3개월'),
('LR239_02', 'P239_하나_변동금리_모기지론', '6개월물 금융채 유통수익률', 2.516, 2.981, 1.3, 4.197, 5.497, '6개월'),
('LR239_03', 'P239_하나_변동금리_모기지론', '1년물 금융채 유통수익률', 2.498, 3.013, 1.3, 4.211, 5.511, '1년'),
('LR239_04', 'P239_하나_변동금리_모기지론', 'COFIX 신규취급액', 2.54, 2.957, 1.3, 4.197, 5.497, '6개월'),
('LR239_05', 'P239_하나_변동금리_모기지론', 'COFIX 신잔액', 2.63, 2.427, 1.3, 3.757, 5.057, '6개월'),
('LR240_01', 'P240_하나_주택담보대출_갈아타기혼합', '5년물 금융채 유통수익률', 2.794, 0.97, 0.0, 3.764, 3.764, '60개월'),
('LR241_01', 'P241_하나_주택담보대출_갈아타기변동', '6개월물 금융채 유통수익률', 2.516, 1.801, 0.0, 4.317, 4.317, '6개월'),
('LR242_01', 'P242_하나_주거용_오피스텔담보대출_갈아타기', '6개월물 금융채 유통수익률', 2.516, 2.321, 0.0, 4.837, 4.837, '6개월'),
('LR242_02', 'P242_하나_주거용_오피스텔담보대출_갈아타기', 'COFIX 신잔액', 2.63, 1.767, 0.0, 4.397, 4.397, '6개월'),
('LR243_01', 'P243_의료인_보증서_담보대출', '6개월물 금융채 유통수익률', 2.516, 2.669, 0.6, 4.585, 5.185, '6개월'),
('LR244_01', 'P244_e의료인_보증서_담보대출', '6개월물 금융채 유통수익률', 2.516, 2.969, 0.9, 4.585, 5.485, '6개월'),
('LR245_01', 'P245_하나햇살론뱅크', '1년물 금융채 유통수익률', 2.498, 3.646, 0.0, 6.144, 6.144, '1년'),
('LR246_01', 'P246_하나원큐비상금대출', '1년물 금융채 유통수익률', 2.498, 2.34, 0.6, 4.238, 4.838, '1년'),
('LR247_01', 'P247_하나_주거용_오피스텔담보대출MCI/M', '91물 CD유통수익률', 2.5, 3.198, 0.9, 4.798, 5.698, '3개월'),
('LR247_02', 'P247_하나_주거용_오피스텔담보대출MCI/M', '6개월물 금융채 유통수익률', 2.516, 3.189, 0.9, 4.805, 5.705, '6개월'),
('LR247_03', 'P247_하나_주거용_오피스텔담보대출MCI/M', '1년물 금융채 유통수익률', 2.498, 3.1, 0.9, 4.698, 5.598, '1년'),
('LR247_04', 'P247_하나_주거용_오피스텔담보대출MCI/M', 'COFIX 신규취급액', 2.54, 3.165, 0.9, 4.805, 5.705, '6개월'),
('LR247_05', 'P247_하나_주거용_오피스텔담보대출MCI/M', 'COFIX 신잔액', 2.63, 2.635, 0.9, 4.365, 5.265, '6개월'),
('LR248_01', 'P248_보증보험담보대출', '91물 CD유통수익률', 2.5, 2.978, 0.9, 4.578, 5.478, '3개월'),
('LR248_02', 'P248_보증보험담보대출', '6개월물 금융채 유통수익률', 2.516, 2.969, 0.9, 4.585, 5.485, '6개월'),
('LR248_03', 'P248_보증보험담보대출', '1년물 금융채 유통수익률', 2.498, 2.88, 0.9, 4.478, 5.378, '1년'),
('LR248_04', 'P248_보증보험담보대출', 'COFIX 신규취급액', 2.54, 2.945, 0.9, 4.585, 5.485, '6개월'),
('LR248_05', 'P248_보증보험담보대출', 'COFIX 신잔액', 2.63, 2.415, 0.9, 4.145, 5.045, '6개월'),
('LR249_01', 'P249_1Q오토론,EV오토론', '91물 CD유통수익률', 2.5, 2.978, 0.9, 4.578, 5.478, '3개월'),
('LR249_02', 'P249_1Q오토론,EV오토론', '6개월물 금융채 유통수익률', 2.516, 2.969, 0.9, 4.585, 5.485, '6개월'),
('LR249_03', 'P249_1Q오토론,EV오토론', '1년물 금융채 유통수익률', 2.498, 2.88, 0.9, 4.478, 5.378, '1년'),
('LR249_04', 'P249_1Q오토론,EV오토론', 'COFIX 신규취급액', 2.54, 2.945, 0.9, 4.585, 5.485, '6개월'),
('LR249_05', 'P249_1Q오토론,EV오토론', 'COFIX 신잔액', 2.63, 2.415, 0.9, 4.145, 5.045, '6개월'),
('LR250_01', 'P250_하나_인테리어대출', '6개월물 금융채 유통수익률', 2.516, 3.231, 0.9, 4.847, 5.747, '6개월'),
('LR251_01', 'P251_하나_역모기지론', '신 잔액기준 COFIX', 2.63, 0.847, 0.0, 3.477, 3.477, '6개월'),
('LR254_01', 'P254_폐업지원대환대출_주택', '6개월물 금융채 유통수익률', 2.516, 2.981, 0.0, 5.497, 5.497, '6개월'),
('LR254_02', 'P254_폐업지원대환대출_주택', '1년물 금융채 유통수익률', 2.498, 3.013, 0.0, 5.511, 5.511, '1년'),
('LR254_03', 'P254_폐업지원대환대출_주택', '5년물 금융채(변동) 유통수익률', 2.794, 2.994, 0.0, 5.788, 5.788, '5년'),
('LR255_01', 'P255_페업지원대환대출_오피스텔', '6개월물 금융채 유통수익률', 2.516, 3.189, 0.0, 5.705, 5.705, '6개월'),
('LR255_02', 'P255_페업지원대환대출_오피스텔', '1년물 금융채 유통수익률', 2.498, 3.1, 0.0, 5.598, 5.598, '1년'),
('LR255_03', 'P255_페업지원대환대출_오피스텔', '5년물 금융채(변동) 유통수익률', 2.794, 3.092, 0.0, 5.886, 5.886, '5년'),
('LR256_01', 'P256_폐업지원대환대출_기타부동산', '6개월물 금융채 유통수익률', 2.516, 3.189, 0.0, 5.705, 5.705, '6개월'),
('LR256_02', 'P256_폐업지원대환대출_기타부동산', '1년물 금융채 유통수익률', 2.498, 3.1, 0.0, 5.598, 5.598, '1년'),
('LR256_03', 'P256_폐업지원대환대출_기타부동산', '5년물 금융채(변동) 유통수익률', 2.794, 3.092, 0.0, 5.886, 5.886, '5년'),
('LR257_01', 'P257_하나원큐신용대출우량', '6개월물 금융채 유통수익률', 2.516, 2.109, 0.6, 4.025, 4.625, '6개월'),
('LR258_01', 'P258_하나원큐신용대출일반', '6개월물 금융채 유통수익률', 2.516, 2.919, 0.6, 4.835, 5.435, '6개월'),
('LR259_01', 'P259_하나원큐신용대출중금리', '6개월물 금융채 유통수익률', 2.516, 4.089, 0.6, 6.005, 6.605, '6개월'),
('LR260_01', 'P260_하나원큐신용대출_갈아타기우량', '신 잔액기준 COFIX', 2.63, 1.905, 0.6, 3.935, 4.535, '6개월'),
('LR261_01', 'P261_하나원큐_연금대출', '6개월물 금융채 유통수익률', 2.516, 2.359, 0.6, 4.275, 4.875, '6개월'),
('LR262_01', 'P262_하나주거래대출M', '6개월물 금융채 유통수익률', 2.516, 2.869, 0.9, 4.485, 5.385, '6개월'),
('LR263_01', 'P263_씨티갈아타기대출', '6개월물 금융채 유통수익률', 2.516, 2.139, 0.9, 3.755, 4.655, '6개월'),
('LR264_01', 'P264_하나원큐새희망홀씨II', '1년물 금융채 유통수익률', 2.498, 2.83, 1.0, 4.328, 5.328, '1년'),
('LR265_01', 'P265_하나_새희망홀씨II', '1년물 금융채 유통수익률', 2.498, 3.04, 2.4, 3.138, 5.538, '1년'),
('LR266_01', 'P266_프리미엄직장인론,공무원클럽대출', '91물 CD유통수익률', 2.5, 3.788, 0.9, 5.388, 6.288, '3개월'),
('LR266_02', 'P266_프리미엄직장인론,공무원클럽대출', '6개월물 금융채 유통수익률', 2.516, 3.779, 0.9, 5.395, 6.295, '6개월'),
('LR266_03', 'P266_프리미엄직장인론,공무원클럽대출', '1년물 금융채 유통수익률', 2.498, 3.69, 0.9, 5.288, 6.188, '1년'),
('LR266_04', 'P266_프리미엄직장인론,공무원클럽대출', 'COFIX 신규취급액', 2.54, 3.755, 0.9, 5.395, 6.295, '6개월'),
('LR266_05', 'P266_프리미엄직장인론,공무원클럽대출', 'COFIX 신잔액', 2.63, 3.225, 0.9, 4.955, 5.855, '6개월'),
('LR267_01', 'P267_닥터클럽대출골드', '91물 CD유통수익률', 2.5, 3.738, 0.9, 5.338, 6.238, '3개월'),
('LR267_02', 'P267_닥터클럽대출골드', '6개월물 금융채 유통수익률', 2.516, 3.729, 0.9, 5.345, 6.245, '6개월'),
('LR267_03', 'P267_닥터클럽대출골드', '1년물 금융채 유통수익률', 2.498, 3.64, 0.9, 5.238, 6.138, '1년'),
('LR267_04', 'P267_닥터클럽대출골드', 'COFIX 신규취급액', 2.54, 3.705, 0.9, 5.345, 6.245, '6개월'),
('LR267_05', 'P267_닥터클럽대출골드', 'COFIX 신잔액', 2.63, 3.175, 0.9, 4.466, 5.366, '6개월'),
('LR268_01', 'P268_로이어클럽대출', '91물 CD유통수익률', 2.5, 3.738, 0.9, 5.338, 6.238, '3개월'),
('LR268_02', 'P268_로이어클럽대출', '6개월물 금융채 유통수익률', 2.516, 3.729, 0.9, 5.345, 6.245, '6개월'),
('LR268_03', 'P268_로이어클럽대출', '1년물 금융채 유통수익률', 2.498, 3.64, 0.9, 5.238, 6.138, '1년'),
('LR268_04', 'P268_로이어클럽대출', 'COFIX 신규취급액', 2.54, 3.705, 0.9, 5.345, 6.245, '6개월'),
('LR268_05', 'P268_로이어클럽대출', 'COFIX 신잔액', 2.63, 3.175, 0.9, 4.905, 5.805, '6개월'),
('LR269_01', 'P269_전문직클럽대출', '91물 CD유통수익률', 2.5, 3.738, 0.9, 5.338, 6.238, '3개월'),
('LR269_02', 'P269_전문직클럽대출', '6개월물 금융채 유통수익률', 2.516, 3.729, 0.9, 5.345, 6.245, '6개월'),
('LR269_03', 'P269_전문직클럽대출', '1년물 금융채 유통수익률', 2.498, 3.64, 0.9, 5.238, 6.138, '1년'),
('LR269_04', 'P269_전문직클럽대출', 'COFIX 신규취급액', 2.54, 3.705, 0.9, 5.345, 6.245, '6개월'),
('LR269_05', 'P269_전문직클럽대출', 'COFIX 신잔액', 2.63, 3.175, 0.9, 4.905, 5.805, '6개월'),
('LR270_01', 'P270_하나수의사클럽대출', '91물 CD유통수익률', 2.5, 3.788, 0.9, 5.388, 6.288, '3개월'),
('LR270_02', 'P270_하나수의사클럽대출', '6개월물 금융채 유통수익률', 2.516, 3.779, 0.9, 5.395, 6.295, '6개월'),
('LR270_03', 'P270_하나수의사클럽대출', '1년물 금융채 유통수익률', 2.498, 3.69, 0.9, 5.288, 6.188, '1년'),
('LR270_04', 'P270_하나수의사클럽대출', 'COFIX 신규취급액', 2.54, 3.755, 0.9, 5.395, 6.295, '6개월'),
('LR270_05', 'P270_하나수의사클럽대출', 'COFIX 신잔액', 2.63, 3.225, 0.9, 4.955, 5.855, '6개월'),
('LR271_01', 'P271_의료인클럽대출', '91물 CD유통수익률', 2.5, 4.088, 0.9, 5.688, 6.588, '3개월'),
('LR271_02', 'P271_의료인클럽대출', '6개월물 금융채 유통수익률', 2.516, 4.079, 0.9, 5.695, 6.595, '6개월'),
('LR271_03', 'P271_의료인클럽대출', '1년물 금융채 유통수익률', 2.498, 3.99, 0.9, 5.588, 6.488, '1년'),
('LR271_04', 'P271_의료인클럽대출', 'COFIX 신규취급액', 2.54, 4.055, 0.9, 5.695, 6.595, '6개월'),
('LR271_05', 'P271_의료인클럽대출', 'COFIX 신잔액', 2.63, 3.525, 0.9, 5.255, 6.155, '6개월'),
('LR272_01', 'P272_BEST신용대출', '91물 CD유통수익률', 2.5, 3.788, 0.9, 5.388, 6.288, '3개월'),
('LR272_02', 'P272_BEST신용대출', '6개월물 금융채 유통수익률', 2.516, 3.779, 0.9, 5.395, 6.295, '6개월'),
('LR272_03', 'P272_BEST신용대출', '1년물 금융채 유통수익률', 2.498, 3.69, 0.9, 5.288, 6.188, '1년'),
('LR272_04', 'P272_BEST신용대출', 'COFIX 신규취급액', 2.54, 3.755, 0.9, 5.395, 6.295, '6개월'),
('LR272_05', 'P272_BEST신용대출', 'COFIX 신잔액', 2.63, 3.225, 0.9, 4.955, 5.855, '6개월'),
('LR273_01', 'P273_행복연금대출', '91물 CD유통수익률', 2.5, 2.588, 0.6, 4.488, 5.088, '3개월'),
('LR273_02', 'P273_행복연금대출', '6개월물 금융채 유통수익률', 2.516, 2.579, 0.6, 4.495, 5.095, '6개월'),
('LR273_03', 'P273_행복연금대출', '1년물 금융채 유통수익률', 2.498, 2.48, 0.6, 4.378, 4.978, '1년'),
('LR273_04', 'P273_행복연금대출', 'COFIX 신규취급액', 2.54, 2.555, 0.6, 4.495, 5.095, '6개월'),
('LR273_05', 'P273_행복연금대출', 'COFIX 신잔액', 2.63, 2.025, 0.6, 4.055, 4.655, '6개월'),
('LR274_01', 'P274_CSS대출', '91물 CD유통수익률', 2.5, 4.088, 0.9, 5.688, 6.588, '3개월'),
('LR274_02', 'P274_CSS대출', '6개월물 금융채 유통수익률', 2.516, 4.079, 0.9, 5.695, 6.595, '6개월'),
('LR274_03', 'P274_CSS대출', '1년물 금융채 유통수익률', 2.498, 3.99, 0.9, 5.588, 6.488, '1년'),
('LR274_04', 'P274_CSS대출', 'COFIX 신규취급액', 2.54, 4.055, 0.9, 5.695, 6.595, '6개월'),
('LR274_05', 'P274_CSS대출', 'COFIX 신잔액', 2.63, 3.525, 0.9, 5.255, 6.155, '6개월'),
('LR275_01', 'P275_공무원가계자금대출', '6개월물 금융채 유통수익률', 2.516, 1.9, 0.9, 3.516, 4.416, '6개월'),
('LR276_01', 'P276_공무원연금수급권자대출', '91물 CD유통수익률', 2.5, 4.088, 0.9, 5.688, 6.588, '3개월'),
('LR276_02', 'P276_공무원연금수급권자대출', '6개월물 금융채 유통수익률', 2.516, 4.079, 0.9, 5.695, 6.595, '6개월'),
('LR276_03', 'P276_공무원연금수급권자대출', '1년물 금융채 유통수익률', 2.498, 3.99, 0.9, 5.588, 6.488, '1년'),
('LR276_04', 'P276_공무원연금수급권자대출', 'COFIX 신규취급액', 2.54, 4.055, 0.9, 5.695, 6.595, '6개월'),
('LR276_05', 'P276_공무원연금수급권자대출', 'COFIX 신잔액', 2.63, 3.525, 0.9, 5.255, 6.155, '6개월'),
('LR277_01', 'P277_군인생활안정자금대출', '91물 CD유통수익률', 2.5, 4.088, 0.9, 5.688, 6.588, '3개월'),
('LR277_02', 'P277_군인생활안정자금대출', '6개월물 금융채 유통수익률', 2.516, 4.079, 0.9, 5.695, 6.595, '6개월'),
('LR277_03', 'P277_군인생활안정자금대출', '1년물 금융채 유통수익률', 2.498, 3.99, 0.9, 5.588, 6.488, '1년'),
('LR277_04', 'P277_군인생활안정자금대출', 'COFIX 신규취급액', 2.54, 4.055, 0.9, 5.695, 6.595, '6개월'),
('LR277_05', 'P277_군인생활안정자금대출', 'COFIX 신잔액', 2.63, 3.525, 0.9, 5.255, 6.155, '6개월'),
('LR278_01', 'P278_원큐공무원가계자금대출', '6개월물 금융채 유통수익률', 2.516, 1.6, 0.6, 3.516, 4.116, '6개월'),
('LR279_01', 'P279_군인공제회_퇴직급여_적립금대출M', '신 잔액기준 COFIX', 2.63, 1.55, 0.6, 3.58, 4.18, '6개월'),
('LR280_01', 'P280_폐업지원대환대출_신용_1억원초과', '6개월물 금융채 유통수익률', 2.516, 4.079, 0.0, 6.595, 6.595, '6개월'),
('LR281_01', 'P281_핀크생활비대출', '6개월물 금융채 유통수익률', 2.516, 2.819, 0.0, 5.335, 5.335, '6개월'),
('LR282_01', 'P282_주택신보위탁발행보증서담보대출', '91일물 CD유통수익률', 2.5, 3.01, 1.4, 4.11, 5.51, '3개월'),
('LR282_02', 'P282_주택신보위탁발행보증서담보대출', '6개월물 금융채 유통수익률', 2.516, 3.002, 1.4, 4.118, 5.518, '6개월'),
('LR282_03', 'P282_주택신보위탁발행보증서담보대출', '1년물 금융채 유통수익률', 2.498, 3.036, 1.4, 4.134, 5.534, '1년'),
('LR282_04', 'P282_주택신보위탁발행보증서담보대출', '신규취급액기준 COFIX', 2.54, 2.978, 1.4, 4.118, 5.518, '6개월'),
('LR282_05', 'P282_주택신보위탁발행보증서담보대출', '신 잔액기준 COFIX', 2.63, 2.448, 1.4, 3.678, 5.078, '6개월'),
('LR283_01', 'P283_신혼부부전세론,다둥이전세론,복지지킴이', '91일물 CD유통수익률', 2.5, 2.85, 1.1, 4.25, 5.35, '3개월'),
('LR283_02', 'P283_신혼부부전세론,다둥이전세론,복지지킴이', '6개월물 금융채 유통수익률', 2.516, 2.842, 1.1, 4.258, 5.358, '6개월'),
('LR283_03', 'P283_신혼부부전세론,다둥이전세론,복지지킴이', '1년물 금융채 유통수익률', 2.498, 2.876, 1.1, 4.274, 5.374, '1년'),
('LR283_04', 'P283_신혼부부전세론,다둥이전세론,복지지킴이', '신규취급액기준 COFIX', 2.54, 2.818, 1.1, 4.258, 5.358, '6개월'),
('LR283_05', 'P283_신혼부부전세론,다둥이전세론,복지지킴이', '신 잔액기준 COFIX', 2.63, 2.288, 1.1, 3.818, 4.918, '6개월'),
('LR284_01', 'P284_우량주택전세론', '91일물 CD유통수익률', 2.5, 3.23, 1.3, 4.43, 5.73, '3개월'),
('LR284_02', 'P284_우량주택전세론', '6개월물 금융채 유통수익률', 2.516, 3.222, 1.3, 4.438, 5.738, '6개월'),
('LR284_03', 'P284_우량주택전세론', '1년물 금융채 유통수익률', 2.498, 3.256, 1.3, 4.454, 5.754, '1년'),
('LR284_04', 'P284_우량주택전세론', '신규취급액기준 COFIX', 2.54, 3.198, 1.3, 4.438, 5.738, '6개월'),
('LR284_05', 'P284_우량주택전세론', '신 잔액기준 COFIX', 2.63, 2.668, 1.3, 3.998, 5.298, '6개월'),
('LR285_01', 'P285_하나_전세금안심대출', '91일물 CD유통수익률', 2.5, 3.21, 1.1, 4.61, 5.71, '3개월'),
('LR285_02', 'P285_하나_전세금안심대출', '6개월물 금융채 유통수익률', 2.516, 3.202, 1.1, 4.618, 5.718, '6개월'),
('LR285_03', 'P285_하나_전세금안심대출', '1년물 금융채 유통수익률', 2.498, 3.236, 1.1, 4.634, 5.734, '1년'),
('LR285_04', 'P285_하나_전세금안심대출', '신규취급액기준 COFIX', 2.54, 3.178, 1.1, 4.618, 5.718, '6개월'),
('LR285_05', 'P285_하나_전세금안심대출', '신 잔액기준 COFIX', 2.63, 2.648, 1.1, 4.178, 5.278, '6개월'),
('LR286_01', 'P286_하나_부분분할상환_전세론', '91일물 CD유통수익률', 2.5, 3.0, 1.1, 4.4, 5.5, '3개월'),
('LR286_02', 'P286_하나_부분분할상환_전세론', '6개월물 금융채 유통수익률', 2.516, 2.992, 1.1, 4.408, 5.508, '6개월'),
('LR286_03', 'P286_하나_부분분할상환_전세론', '1년물 금융채 유통수익률', 2.498, 3.026, 1.1, 4.424, 5.524, '1년'),
('LR286_04', 'P286_하나_부분분할상환_전세론', '신규취급액기준 COFIX', 2.54, 2.968, 1.1, 4.408, 5.508, '6개월'),
('LR286_05', 'P286_하나_부분분할상환_전세론', '신 잔액기준 COFIX', 2.63, 2.438, 1.1, 3.968, 5.068, '6개월'),
('LR287_01', 'P287_목돈_안드는_행복전세', '91일물 CD유통수익률', 2.5, 2.45, 0.9, 4.05, 4.95, '3개월'),
('LR287_02', 'P287_목돈_안드는_행복전세', '6개월물 금융채 유통수익률', 2.516, 2.442, 0.9, 4.058, 4.958, '6개월'),
('LR287_03', 'P287_목돈_안드는_행복전세', '1년물 금융채 유통수익률', 2.498, 2.476, 0.9, 4.074, 4.974, '1년'),
('LR287_04', 'P287_목돈_안드는_행복전세', '신규취급액기준 COFIX', 2.54, 2.418, 0.9, 4.058, 4.958, '6개월'),
('LR287_05', 'P287_목돈_안드는_행복전세', '신 잔액기준 COFIX', 2.63, 1.888, 0.9, 3.618, 4.518, '6개월'),
('LR288_01', 'P288_주택신보_전세자금대출_갈아타기', '6개월물 금융채 유통수익률', 2.516, 1.992, 0.6, 3.908, 4.508, '6개월'),
('LR288_02', 'P288_주택신보_전세자금대출_갈아타기', '신 잔액기준 COFIX', 2.63, 1.438, 0.6, 3.468, 4.068, '6개월'),
('LR289_01', 'P289_신혼부부전세론_갈아타기', '6개월물 금융채 유통수익률', 2.516, 1.832, 0.6, 3.748, 4.348, '6개월'),
('LR289_02', 'P289_신혼부부전세론_갈아타기', '신 잔액기준 COFIX', 2.63, 1.278, 0.6, 3.308, 3.908, '6개월'),
('LR290_01', 'P290_다둥이전세론_갈아타기', '6개월물 금융채 유통수익률', 2.516, 1.832, 0.6, 3.748, 4.348, '6개월'),
('LR290_02', 'P290_다둥이전세론_갈아타기', '신 잔액기준 COFIX', 2.63, 1.278, 0.6, 3.308, 3.908, '6개월'),
('LR291_01', 'P291_우량주택전세론_갈아타기', '6개월물 금융채 유통수익률', 2.516, 2.062, 0.6, 3.978, 4.578, '6개월'),
('LR291_02', 'P291_우량주택전세론_갈아타기', '신 잔액기준 COFIX', 2.63, 2.048, 0.6, 3.538, 4.138, '6개월'),
('LR292_01', 'P292_전세금안심대출_갈아타기', '6개월물 금융채 유통수익률', 2.516, 1.982, 0.6, 3.898, 4.498, '6개월'),
('LR292_02', 'P292_전세금안심대출_갈아타기', '신 잔액기준 COFIX', 2.63, 1.428, 0.6, 3.458, 4.058, '6개월'),
('LR293_01', 'P293_하나_전세금안심대출M_P', '6개월물 금융채 유통수익률', 2.516, 2.192, 0.8, 3.908, 4.708, '6개월'),
('LR294_01', 'P294_서울특별시_청년_임차보증금대출M', '신 잔액기준 COFIX', 2.63, 1.45, 0.0, 4.08, 4.08, '6개월'),
('LR295_01', 'P295_군간부전세자금대출기본M', '신 잔액기준 COFIX', 2.63, 1.55, 0.0, 4.18, 4.18, '6개월'),
('LR296_01', 'P296_주택신보_전세자금대출M_P', '6개월물 금융채 유통수익률', 2.516, 2.042, 0.8, 3.758, 4.558, '6개월'),
('LR296_02', 'P296_주택신보_전세자금대출M_P', '1년물 금융채 유통수익률', 2.498, 2.076, 0.8, 3.774, 4.574, '1년'),
('LR296_03', 'P296_주택신보_전세자금대출M_P', '2년물 금융채 유통수익률', 2.546, 1.95, 0.8, 3.696, 4.496, '2년'),
('LR297_01', 'P297_신혼부부전세론M_P', '6개월물 금융채 유통수익률', 2.516, 1.882, 0.8, 3.598, 4.398, '6개월'),
('LR297_02', 'P297_신혼부부전세론M_P', '1년물 금융채 유통수익률', 2.498, 1.916, 0.8, 3.614, 4.414, '1년'),
('LR297_03', 'P297_신혼부부전세론M_P', '2년물 금융채 유통수익률', 2.546, 1.79, 0.8, 3.536, 4.336, '2년'),
('LR298_01', 'P298_다둥이전세론M_P', '6개월물 금융채 유통수익률', 2.516, 1.882, 0.8, 3.598, 4.398, '6개월'),
('LR298_02', 'P298_다둥이전세론M_P', '1년물 금융채 유통수익률', 2.498, 1.916, 0.8, 3.614, 4.414, '1년'),
('LR298_03', 'P298_다둥이전세론M_P', '2년물 금융채 유통수익률', 2.546, 1.79, 0.8, 3.536, 4.336, '2년'),
('LR299_01', 'P299_우량주택전세론M_P', '6개월물 금융채 유통수익률', 2.516, 2.162, 0.8, 3.878, 4.678, '6개월'),
('LR299_02', 'P299_우량주택전세론M_P', '1년물 금융채 유통수익률', 2.498, 2.196, 0.8, 3.894, 4.694, '1년'),
('LR299_03', 'P299_우량주택전세론M_P', '2년물 금융채 유통수익률', 2.546, 2.07, 0.8, 3.816, 4.616, '2년');

-- Deposit 테이블 삽입
INSERT INTO Deposit (DepositProductID, Benefit, MaturityDate, Cost) VALUES
('P032_청년희망키움통장손님판매중단', '하나은행 청년희망키움통장(손님)(판매중단) 혜택', '2025-12-31', 0.00),
('P033_아이_꿈하나_적금', '하나은행 아이 꿈하나 적금 혜택', '2025-12-31', 0.00),
('P034_대전시청년희망통장고객판매중단', '하나은행 대전시청년희망통장(고객)(판매중단) 혜택', '2025-12-31', 0.00),
('P035_급여하나_월복리_적금', '하나은행 급여하나 월복리 적금 혜택', '2025-12-31', 0.00),
('P036_연금하나_월복리_적금', '하나은행 연금하나 월복리 적금 혜택', '2025-12-31', 0.00),
('P037_주거래하나_월복리_적금', '하나은행 주거래하나 월복리 적금 혜택', '2025-12-31', 0.00),
('P038_하나_장병내일준비적금', '하나은행 하나 장병내일준비적금 혜택', '2025-12-31', 0.00),
('P039_간편_적금판매중단', '하나은행 간편 적금(판매중단) 혜택', '2025-12-31', 0.00),
('P040_하나_더_적금한시판매', '하나은행 하나 더 적금(한시판매) 혜택', '2025-12-31', 0.00),
('P041_미래_행복_통장기관', '하나은행 미래 행복 통장(기관) 혜택', '2025-12-31', 0.00),
('P042_제휴_적금판매중단', '하나은행 제휴 적금(판매중단) 혜택', '2025-12-31', 0.00),
('P043_하나_원큐_적금판매중단', '하나은행 하나 원큐 적금(판매중단) 혜택', '2025-12-31', 0.00),
('P044_하나_아동수당_적금판매중단', '하나은행 하나 아동수당 적금(판매중단) 혜택', '2025-12-31', 0.00),
('P045_마이트립My_Trip적금_일반형판매중', '하나은행 마이트립(My Trip)적금-(일반형)(판매중단) 혜택', '2025-12-31', 0.00),
('P046_마이트립My_Trip적금_마일리지l형', '하나은행 마이트립(My Trip)적금-(마일리지l형)(판매중단) 혜택', '2025-12-31', 0.00),
('P047_마이트립My_Trip적금_마일리지ll', '하나은행 마이트립(My Trip)적금-(마일리지ll형)(판매중단) 혜택', '2025-12-31', 0.00),
('P048_평생_군인_적금', '하나은행 평생 군인 적금 혜택', '2025-12-31', 0.00),
('P049_금연성공_적금판매중단', '하나은행 금연성공 적금(판매중단) 혜택', '2025-12-31', 0.00),
('P050_청년저축계좌개인판매중단', '하나은행 청년저축계좌(개인)(판매중단) 혜택', '2025-12-31', 0.00),
('P051_청년저축계좌기관판매중단', '하나은행 청년저축계좌(기관)(판매중단) 혜택', '2025-12-31', 0.00),
('P052_손님케어적금', '하나은행 손님케어적금 혜택', '2025-12-31', 0.00),
('P053_하나단체적금판매중단', '하나은행 하나단체적금(판매중단) 혜택', '2025-12-31', 0.00),
('P054_펫사랑_적금', '하나은행 펫사랑 적금 혜택', '2025-12-31', 0.00),
('P055_하나일리있는적금판매중단', '하나은행 하나일리있는적금(판매중단) 혜택', '2025-12-31', 0.00),
('P056_하나의_여행_적금판매중단', '하나은행 하나의 여행 적금(판매중단) 혜택', '2025-12-31', 0.00),
('P057_태아_사랑하나_적금판매중단', '하나은행 태아 사랑하나 적금(판매중단) 혜택', '2025-12-31', 0.00),
('P058_하나_타이밍_적금', '하나은행 하나 타이밍 적금 혜택', '2025-12-31', 0.00),
('P059_하나_합_적금판매중단', '하나은행 하나 합 적금(판매중단) 혜택', '2025-12-31', 0.00),
('P060_에너지_챌린지_적금판매중단', '하나은행 에너지 챌린지 적금(판매중단) 혜택', '2025-12-31', 0.00),
('P061_하나_청년희망_적금판매중단', '하나은행 하나 청년희망 적금(판매중단) 혜택', '2025-12-31', 0.00),
('P062_희망저축계좌I', '하나은행 희망저축계좌I 혜택', '2025-12-31', 0.00),
('P064_희망저축계좌II', '하나은행 희망저축계좌II 혜택', '2025-12-31', 0.00),
('P065_청년내일저축계좌', '하나은행 청년내일저축계좌 혜택', '2025-12-31', 0.00),
('P066_하나_나눔_적금판매중단', '하나은행 하나 나눔 적금(판매중단) 혜택', '2025-12-31', 0.00),
('P067_Best_11_적금판매중단', '하나은행 Best 11 적금(판매중단) 혜택', '2025-12-31', 0.00),
('P068_부자씨_적금', '하나은행 부자씨 적금 혜택', '2025-12-31', 0.00),
('P069_하나_아이키움_적금', '하나은행 하나 아이키움 적금 혜택', '2025-12-31', 0.00),
('P070_대전하나_축구사랑_적금', '하나은행 대전하나 축구사랑 적금 혜택', '2025-12-31', 0.00),
('P072_대전시_미래두배_청년통장', '하나은행 대전시 미래두배 청년통장 혜택', '2025-12-31', 0.00),
('P074_트래블로그_여행_적금', '하나은행 트래블로그 여행 적금 혜택', '2025-12-31', 0.00),
('P075_하나_청년도약플러스_적금', '하나은행 하나 청년도약플러스 적금 혜택', '2025-12-31', 0.00),
('P076_K리그우승_적금', '하나은행 (K리그)우승 적금 혜택', '2025-12-31', 0.00),
('P077_달달하나_적금', '하나은행 달달하나 적금 혜택', '2025-12-31', 0.00),
('P078_하나_중소기업재직자_우대저축', '하나은행 하나 중소기업재직자 우대저축 혜택', '2025-12-31', 0.00),
('P079_하나더소호_가맹점_적금', '하나은행 하나더소호 가맹점 적금 혜택', '2025-12-31', 0.00),
('P080_하나더이지_적금', '하나은행 하나더이지 적금 혜택', '2025-12-31', 0.00),
('P081_대한민국만세_80주년적금', '하나은행 대한민국만세_80주년적금 혜택', '2025-12-31', 0.00),
('P082_오!_필승코리아_적금_2018판매중단', '하나은행 오! 필승코리아 적금 2018(판매중단) 혜택', '2025-12-31', 0.00),
('P083_시티즌_팬사랑_적금판매중단', '하나은행 시티즌 팬사랑 적금(판매중단) 혜택', '2025-12-31', 0.00),
('P084_내맘_적금', '하나은행 내맘 적금 혜택', '2025-12-31', 0.00),
('P085_하나머니세상_적금판매중단', '하나은행 하나머니세상 적금(판매중단) 혜택', '2025-12-31', 0.00),
('P086_청년희망키움통장중앙자활센터판매중단', '하나은행 청년희망키움통장(중앙자활센터)(판매중단) 혜택', '2025-12-31', 0.00),
('P087_대전시청년희망통장위탁기관', '하나은행 대전시청년희망통장(위탁기관) 혜택', '2025-12-31', 0.00),
('P088_오늘은_얼마니?_적금판매중단', '하나은행 오늘은 얼마니? 적금(판매중단) 혜택', '2025-12-31', 0.00),
('P089_도전_365_적금', '하나은행 도전 365 적금 혜택', '2025-12-31', 0.00),
('P090_자유적금', '하나은행 자유적금 혜택', '2025-12-31', 0.00),
('P091_T핀크적금판매중단', '하나은행 T핀크적금(판매중단) 혜택', '2025-12-31', 0.00),
('P092_하나된_평창_적금판매중단', '하나은행 하나된 평창 적금(판매중단) 혜택', '2025-12-31', 0.00),
('P093_내집마련더블업적금', '하나은행 내집마련더블업적금 혜택', '2025-12-31', 0.00),
('P094_두리하나_적금판매중단', '하나은행 두리하나 적금(판매중단) 혜택', '2025-12-31', 0.00),
('P095_K리그_팬사랑_적금판매중단', '하나은행 K리그 팬사랑 적금(판매중단) 혜택', '2025-12-31', 0.00),
('P096_LPGA_팬사랑_적금판매중단', '하나은행 LPGA 팬사랑 적금(판매중단) 혜택', '2025-12-31', 0.00),
('P097_하나멤버스_주거래_우대적금판매중단', '하나은행 하나멤버스 주거래 우대적금(판매중단) 혜택', '2025-12-31', 0.00),
('P098_Young_하나_적금판매중단', '하나은행 Young 하나 적금(판매중단) 혜택', '2025-12-31', 0.00),
('P099_행복Together적금판매중단', '하나은행 행복Together적금(판매중단) 혜택', '2025-12-31', 0.00),
('P100_바보의_나눔_적금판매중단', '하나은행 바보의 나눔 적금(판매중단) 혜택', '2025-12-31', 0.00),
('P101_늘하나적금판매중단', '하나은행 늘하나적금(판매중단) 혜택', '2025-12-31', 0.00),
('P102_나라지킴이_적금판매중단', '하나은행 나라지킴이 적금(판매중단) 혜택', '2025-12-31', 0.00),
('P103_아이_사랑해_적금판매중단', '하나은행 (아이) 사랑해 적금(판매중단) 혜택', '2025-12-31', 0.00),
('P104_오!_필승_코리아_적금_2016판매중', '하나은행 오! 필승 코리아 적금 2016(판매중단) 혜택', '2025-12-31', 0.00),
('P105_119_생명지킴이_적금판매중단', '하나은행 119 생명지킴이 적금(판매중단) 혜택', '2025-12-31', 0.00),
('P106_희망_키움_통장II___중앙자활센터판', '하나은행 희망 키움 통장II - 중앙자활센터(판매중단) 혜택', '2025-12-31', 0.00),
('P107_넘버엔월복리_적금판매중단', '하나은행 넘버엔월복리 적금(판매중단) 혜택', '2025-12-31', 0.00),
('P108_씨크릿_적금판매중단', '하나은행 씨크릿 적금(판매중단) 혜택', '2025-12-31', 0.00),
('P109_윙고빙고_적금판매중단', '하나은행 윙고빙고 적금(판매중단) 혜택', '2025-12-31', 0.00),
('P110_e_플러스_적금판매중단', '하나은행 e-플러스 적금(판매중단) 혜택', '2025-12-31', 0.00),
('P111_Self_Gifting_셀프_기프팅_', '하나은행 Self-Gifting (셀프-기프팅) 적금(판매중단) 혜택', '2025-12-31', 0.00),
('P112_Easy_One_Pack_이지원_팩_', '하나은행 Easy-One Pack (이지원 팩) 적금(판매중단) 혜택', '2025-12-31', 0.00),
('P113_함께하는_사랑_적금판매중단', '하나은행 함께하는 사랑 적금(판매중단) 혜택', '2025-12-31', 0.00),
('P114_꿈나무_적금판매중단', '하나은행 꿈나무 적금(판매중단) 혜택', '2025-12-31', 0.00),
('P115_나의_소원_적금판매중단', '하나은행 나의 소원 적금(판매중단) 혜택', '2025-12-31', 0.00),
('P116_1004나눔_적금판매중단', '하나은행 1004나눔 적금(판매중단) 혜택', '2025-12-31', 0.00),
('P117_나이스_샷_골프_적금판매중단', '하나은행 나이스 샷 골프 적금(판매중단) 혜택', '2025-12-31', 0.00),
('P118_행복ㆍ건강_S_라인적금판매중단', '하나은행 행복ㆍ건강 S-라인적금(판매중단) 혜택', '2025-12-31', 0.00),
('P119_행복한_가족_적금판매중단', '하나은행 행복한 가족 적금(판매중단) 혜택', '2025-12-31', 0.00),
('P120_순천만정원_사랑_적금판매중단', '하나은행 순천만정원 사랑 적금(판매중단) 혜택', '2025-12-31', 0.00),
('P121_행복나눔_적금판매중단', '하나은행 행복나눔 적금(판매중단) 혜택', '2025-12-31', 0.00),
('P122_하나_미소드림_적금', '하나은행 하나 미소드림 적금 혜택', '2025-12-31', 0.00),
('P123_168_적금판매중단', '하나은행 168 적금(판매중단) 혜택', '2025-12-31', 0.00),
('P124_새희망_근로_적금판매중단', '하나은행 새희망 근로 적금(판매중단) 혜택', '2025-12-31', 0.00),
('P125_희망키움_통장고객판매중단', '하나은행 희망키움 통장(고객)(판매중단) 혜택', '2025-12-31', 0.00),
('P126_희망키움_통장중앙자활센터판매중단', '하나은행 희망키움 통장(중앙자활센터)(판매중단) 혜택', '2025-12-31', 0.00),
('P127_내일키움_통장고객판매중단', '하나은행 내일키움 통장(고객)(판매중단) 혜택', '2025-12-31', 0.00),
('P128_내일키움_통장중앙자활센터판매중단', '하나은행 내일키움 통장(중앙자활센터)(판매중단) 혜택', '2025-12-31', 0.00),
('P129_희망_키움_통장II___고객판매중단', '하나은행 희망 키움 통장II - 고객(판매중단) 혜택', '2025-12-31', 0.00),
('P130_미래_행복_통장개인', '하나은행 미래 행복 통장(개인) 혜택', '2025-12-31', 0.00),
('P131_정기적금', '하나은행 정기적금 혜택', '2025-12-31', 0.00),
('P135_신비과세_장기저축판매중단', '하나은행 신비과세 장기저축(판매중단) 혜택', '2025-12-31', 0.00),
('P136_신비과세_장기저축보너스형판매중단', '하나은행 신비과세 장기저축(보너스형)(판매중단) 혜택', '2025-12-31', 0.00),
('P137_하나_My_Plan_비과세저축판매중단', '하나은행 하나 My Plan 비과세저축(판매중단) 혜택', '2025-12-31', 0.00),
('P138_하나_비과세_복리적금판매중단', '하나은행 하나 비과세 복리적금(판매중단) 혜택', '2025-12-31', 0.00),
('P140_부자되는_적금판매중단', '하나은행 부자되는 적금(판매중단) 혜택', '2025-12-31', 0.00),
('P141_난_할_수_있어_적금2판매중단', '하나은행 난 할 수 있어 적금2(판매중단) 혜택', '2025-12-31', 0.00),
('P142_하나_와인처럼_적금판매중단', '하나은행 하나 와인처럼 적금(판매중단) 혜택', '2025-12-31', 0.00),
('P143_하나_재형저축판매중단', '하나은행 하나 재형저축(판매중단) 혜택', '2025-12-31', 0.00),
('P144_신재형저축판매중단', '하나은행 신재형저축(판매중단) 혜택', '2025-12-31', 0.00),
('P145_내자녀_성공기_적금판매중단', '하나은행 내자녀 성공기 적금(판매중단) 혜택', '2025-12-31', 0.00),
('P146_두리하나_정기예금판매중단', '하나은행 두리하나 정기예금(판매중단) 혜택', '2025-12-31', 0.00),
('P147_황금드림_정기예금판매중단', '하나은행 황금드림 정기예금(판매중단) 혜택', '2025-12-31', 0.00),
('P148_특판정기예금한시판매', '하나은행 특판정기예금(한시판매) 혜택', '2025-12-31', 0.00),
('P149_하나원큐_정기예금판매중단', '하나은행 하나원큐 정기예금(판매중단) 혜택', '2025-12-31', 0.00),
('P150_언제나청춘정기예금판매중단', '하나은행 언제나청춘정기예금(판매중단) 혜택', '2025-12-31', 0.00),
('P151_하나더예금판매중단', '하나은행 하나더예금(판매중단) 혜택', '2025-12-31', 0.00),
('P152_하나의_정기예금', '하나은행 하나의 정기예금 혜택', '2025-12-31', 0.00),
('P153_1년_연동형_정기예금보증보험용', '하나은행 1년 연동형 정기예금(보증보험용) 혜택', '2025-12-31', 0.00),
('P154_행복Together정기예금판매중단', '하나은행 행복Together정기예금(판매중단) 혜택', '2025-12-31', 0.00),
('P155_오!_필승코리아_정기예금_2016판매', '하나은행 오! 필승코리아 정기예금 2016(판매중단) 혜택', '2025-12-31', 0.00),
('P156_리틀빅_정기예금판매중단', '하나은행 리틀빅 정기예금(판매중단) 혜택', '2025-12-31', 0.00),
('P157_하나된_평창_정기예금판매중단', '하나은행 하나된 평창 정기예금(판매중단) 혜택', '2025-12-31', 0.00),
('P158_MMDA형_정기예금판매중단', '하나은행 MMDA형 정기예금(판매중단) 혜택', '2025-12-31', 0.00),
('P159_행복knowhow_연금예금', '하나은행 행복knowhow 연금예금 혜택', '2025-12-31', 0.00),
('P160_N플러스_정기예금판매중단', '하나은행 N플러스 정기예금(판매중단) 혜택', '2025-12-31', 0.00),
('P161_Easy_One_Pack이지원_팩_정', '하나은행 Easy-One Pack(이지원 팩) 정기예금(판매중단) 혜택', '2025-12-31', 0.00),
('P162_e_플러스_정기예금판매중단', '하나은행 e-플러스 정기예금(판매중단) 혜택', '2025-12-31', 0.00),
('P163_369_정기예금', '하나은행 369 정기예금 혜택', '2025-12-31', 0.00),
('P164_펀드사랑_정기예금판매중단', '하나은행 펀드사랑 정기예금(판매중단) 혜택', '2025-12-31', 0.00),
('P165_CD연동_정기예금판매중단', '하나은행 CD연동 정기예금(판매중단) 혜택', '2025-12-31', 0.00),
('P167_주거래_정기예금판매중단', '하나은행 주거래 정기예금(판매중단) 혜택', '2025-12-31', 0.00),
('P168_정기예금', '하나은행 정기예금 혜택', '2025-12-31', 0.00),
('P169_하나머니세상_정기예금판매중단', '하나은행 하나머니세상 정기예금(판매중단) 혜택', '2025-12-31', 0.00),
('P170_양도성_예금증서CD', '하나은행 양도성 예금증서(CD) 혜택', '2025-12-31', 0.00),
('P173_빅팟BIGPOT_정기예금판매중단', '하나은행 빅팟(BIGPOT) 정기예금(판매중단) 혜택', '2025-12-31', 0.00),
('P174_하도급대금협력통장', '하나은행 하도급대금협력통장 혜택', '2025-12-31', 0.00),
('P175_YES골드점프예금MMDA,_법인', '하나은행 YES골드점프예금(MMDA, 법인) 혜택', '2025-12-31', 0.00),
('P176_급여하나_통장', '하나은행 급여하나 통장 혜택', '2025-12-31', 0.00),
('P177_하나더넥스트_연금_통장', '하나은행 하나더넥스트 연금 통장 혜택', '2025-12-31', 0.00),
('P178_건설_하나로_통장', '하나은행 건설 하나로 통장 혜택', '2025-12-31', 0.00),
('P180_머니박스_통장_기본금리판매중단', '하나은행 머니박스 통장 기본금리(판매중단) 혜택', '2025-12-31', 0.00),
('P181_머니박스_통장_우대금리파킹_우대', '하나은행 머니박스 통장 우대금리(파킹 우대) 혜택', '2025-12-31', 0.00),
('P182_머니박스_통장_우대금리파킹_플러스_우', '하나은행 머니박스 통장 우대금리(파킹 플러스 우대) 혜택', '2025-12-31', 0.00),
('P183_네이버페이머니_하나통장', '하나은행 네이버페이머니 하나통장 혜택', '2025-12-31', 0.00),
('P184_경기기회사다리_통장', '하나은행 경기기회사다리 통장 혜택', '2025-12-31', 0.00),
('P185_쿠팡_셀러_통장', '하나은행 쿠팡 셀러 통장 혜택', '2025-12-31', 0.00),
('P186_당근머니_하나_통장', '하나은행 당근머니 하나 통장 혜택', '2025-12-31', 0.00),
('P187_달달_하나_통장', '하나은행 달달 하나 통장 혜택', '2025-12-31', 0.00),
('P188_지역장려금_하나통장', '하나은행 (지역장려금) 하나통장 혜택', '2025-12-31', 0.00),
('P189_하나된_평창_통장판매중단', '하나은행 하나된 평창 통장(판매중단) 혜택', '2025-12-31', 0.00),
('P191_주거래하나_통장', '하나은행 주거래하나 통장 혜택', '2025-12-31', 0.00),
('P192_하나_군인연금_평생안심통장', '하나은행 하나 군인연금 평생안심통장 혜택', '2025-12-31', 0.00),
('P193_영하나플러스_통장', '하나은행 영하나플러스 통장 혜택', '2025-12-31', 0.00),
('P194_보통예금', '하나은행 보통예금 혜택', '2025-12-31', 0.00),
('P195_저축예금', '하나은행 저축예금 혜택', '2025-12-31', 0.00),
('P196_기업자유예금', '하나은행 기업자유예금 혜택', '2025-12-31', 0.00),
('P197_가계당좌예금', '하나은행 가계당좌예금 혜택', '2025-12-31', 0.00),
('P200_행복knowhow_주거래_우대통장판매', '하나은행 행복knowhow 주거래 우대통장(판매중단) 혜택', '2025-12-31', 0.00),
('P201_하나멤버스_주거래통장판매중단', '하나은행 하나멤버스 주거래통장(판매중단) 혜택', '2025-12-31', 0.00),
('P202_119생명지킴이_통장_II판매중단', '하나은행 119생명지킴이 통장 II(판매중단) 혜택', '2025-12-31', 0.00),
('P203_뱅크월렛_카카오통장판매중단', '하나은행 뱅크월렛 카카오통장(판매중단) 혜택', '2025-12-31', 0.00),
('P204_힘내라!_직장인_우대_통장판매중단', '하나은행 힘내라! 직장인 우대 통장(판매중단) 혜택', '2025-12-31', 0.00),
('P205_하나_플러스_통장', '하나은행 하나 플러스 통장 혜택', '2025-12-31', 0.00),
('P207_SK텔레콤_통신비_결제통장판매중단', '하나은행 SK텔레콤 통신비 결제통장(판매중단) 혜택', '2025-12-31', 0.00),
('P208_바보의_나눔_통장', '하나은행 바보의 나눔 통장 혜택', '2025-12-31', 0.00),
('P209_WINGO윙고_통장판매중단', '하나은행 WINGO(윙고) 통장(판매중단) 혜택', '2025-12-31', 0.00),
('P210_Easy_One_Pack_이지원_팩_', '하나은행 Easy-One Pack (이지원 팩) 통장 혜택', '2025-12-31', 0.00),
('P211_행복나눔_통장', '하나은행 행복나눔 통장 혜택', '2025-12-31', 0.00),
('P212_119_생명지킴이_통장판매중단', '하나은행 119 생명지킴이 통장(판매중단) 혜택', '2025-12-31', 0.00),
('P213_BIGPOT_통장판매중단', '하나은행 BIGPOT 통장(판매중단) 혜택', '2025-12-31', 0.00),
('P214_168_통장판매중단', '하나은행 168 통장(판매중단) 혜택', '2025-12-31', 0.00),
('P215_함께하는_사랑_통장', '하나은행 함께하는 사랑 통장 혜택', '2025-12-31', 0.00),
('P216_하나_희망지킴이_통장판매중단', '하나은행 하나 희망지킴이 통장(판매중단) 혜택', '2025-12-31', 0.00),
('P217_하나_국민연금_안심통장', '하나은행 하나 국민연금 안심통장 혜택', '2025-12-31', 0.00),
('P218_하나_공무원연금_안심통장', '하나은행 하나 공무원연금 안심통장 혜택', '2025-12-31', 0.00),
('P219_하나_퇴직공제금_지킴이_통장판매중단', '하나은행 하나 퇴직공제금 지킴이 통장(판매중단) 혜택', '2025-12-31', 0.00),
('P220_하나_행복지킴이_통장', '하나은행 하나 행복지킴이 통장 혜택', '2025-12-31', 0.00),
('P221_사학연금평생안심통장', '하나은행 사학연금평생안심통장 혜택', '2025-12-31', 0.00),
('P222_Young_하나_통장판매중단', '하나은행 Young 하나 통장(판매중단) 혜택', '2025-12-31', 0.00),
('P223_모임통장', '하나은행 모임통장 혜택', '2025-12-31', 0.00),
('P224_YES점프예금MMDA,개인판매중단', '하나은행 YES점프예금(MMDA,개인)(판매중단) 혜택', '2025-12-31', 0.00),
('P225_YES점프예금MMDA,법인판매중단', '하나은행 YES점프예금(MMDA,법인)(판매중단) 혜택', '2025-12-31', 0.00),
('P226_하나_관리비_통장판매중단', '하나은행 하나 관리비 통장(판매중단) 혜택', '2025-12-31', 0.00),
('P227_하나_기부금_통장판매중단', '하나은행 하나 기부금 통장(판매중단) 혜택', '2025-12-31', 0.00),
('P228_하나_여우_통장판매중단', '하나은행 하나 여우 통장(판매중단) 혜택', '2025-12-31', 0.00),
('P229_하나_피스컵지원_통장판매중단', '하나은행 하나 피스컵지원 통장(판매중단) 혜택', '2025-12-31', 0.00),
('P230_기아차통장판매중단', '하나은행 기아차통장(판매중단) 혜택', '2025-12-31', 0.00),
('P231_부자되는_연금통장하나_행복연금통장판매', '하나은행 부자되는 연금통장(하나 행복연금통장)(판매중단) 혜택', '2025-12-31', 0.00),
('P232_부자되는_사장님_통장판매중단', '하나은행 부자되는 사장님 통장(판매중단) 혜택', '2025-12-31', 0.00),
('P233_하나_빅팟_슈퍼_월급통장판매중단', '하나은행 하나 빅팟 슈퍼 월급통장(판매중단) 혜택', '2025-12-31', 0.00),
('P264_하나원큐새희망홀씨II', '하나은행 하나원큐새희망홀씨II 혜택', '2025-12-31', 0.00),
('P265_하나_새희망홀씨II', '하나은행 하나 새희망홀씨II 혜택', '2025-12-31', 0.00);

-- Loan 테이블 삽입
INSERT INTO Loan (LoanProductID, LoanInterestRate, RepaymentPeriod, MaxLoanAmount, CollateralRequired) VALUES
('P073_청년주택드림청약통장', 0.0, 120, 100000000.00, false),
('P133_주택청약부금', 2.85, 120, 100000000.00, false),
('P134_주택청약종합저축', 0.0, 120, 100000000.00, false),
('P139_장기주택마련저축판매중단', 3.1, 120, 100000000.00, false),
('P166_주택청약예금', 2.1, 120, 100000000.00, false),
('P179_하나_주택연금_지킴이_통장', 0.1, 120, 100000000.00, false),
('P190_KEb하나_보증서_담보대출_입금전용계', 0.1, 120, 100000000.00, false),
('P206_사업자_주거래_우대통장', 0.1, 120, 100000000.00, false),
('P234_하나원큐아파트론혼합', 2.794, 120, 100000000.00, false),
('P235_하나원큐아파트론변동', 2.516, 120, 100000000.00, false),
('P236_하나원큐주택담보대출혼합', 2.794, 120, 100000000.00, false),
('P237_하나원큐주택담보대출변동', 2.516, 120, 100000000.00, false),
('P238_하나_혼합금리_모기지론', 2.794, 120, 100000000.00, false),
('P239_하나_변동금리_모기지론', 2.63, 120, 100000000.00, false),
('P240_하나_주택담보대출_갈아타기혼합', 2.794, 120, 100000000.00, false),
('P241_하나_주택담보대출_갈아타기변동', 2.516, 120, 100000000.00, false),
('P242_하나_주거용_오피스텔담보대출_갈아타기', 2.63, 120, 100000000.00, false),
('P243_의료인_보증서_담보대출', 2.516, 120, 100000000.00, false),
('P244_e의료인_보증서_담보대출', 2.516, 120, 100000000.00, false),
('P245_하나햇살론뱅크', 2.498, 120, 100000000.00, false),
('P246_하나원큐비상금대출', 2.498, 120, 100000000.00, false),
('P247_하나_주거용_오피스텔담보대출MCI/M', 2.63, 120, 100000000.00, false),
('P248_보증보험담보대출', 2.63, 120, 100000000.00, false),
('P249_1Q오토론,EV오토론', 2.63, 120, 100000000.00, false),
('P250_하나_인테리어대출', 2.516, 120, 100000000.00, false),
('P251_하나_역모기지론', 2.63, 120, 100000000.00, false),
('P252_예금담보대출', 0.0, 120, 100000000.00, false),
('P253_유동화적격_대출', 0.0, 120, 100000000.00, false),
('P254_폐업지원대환대출_주택', 2.794, 120, 100000000.00, false),
('P255_페업지원대환대출_오피스텔', 2.794, 120, 100000000.00, false),
('P256_폐업지원대환대출_기타부동산', 2.794, 120, 100000000.00, false),
('P257_하나원큐신용대출우량', 2.516, 120, 100000000.00, false),
('P258_하나원큐신용대출일반', 2.516, 120, 100000000.00, false),
('P259_하나원큐신용대출중금리', 2.516, 120, 100000000.00, false),
('P260_하나원큐신용대출_갈아타기우량', 2.63, 120, 100000000.00, false),
('P261_하나원큐_연금대출', 2.516, 120, 100000000.00, false),
('P262_하나주거래대출M', 2.516, 120, 100000000.00, false),
('P263_씨티갈아타기대출', 2.516, 120, 100000000.00, false),
('P266_프리미엄직장인론,공무원클럽대출', 2.63, 120, 100000000.00, false),
('P267_닥터클럽대출골드', 2.63, 120, 100000000.00, false),
('P268_로이어클럽대출', 2.63, 120, 100000000.00, false),
('P269_전문직클럽대출', 2.63, 120, 100000000.00, false),
('P270_하나수의사클럽대출', 2.63, 120, 100000000.00, false),
('P271_의료인클럽대출', 2.63, 120, 100000000.00, false),
('P272_BEST신용대출', 2.63, 120, 100000000.00, false),
('P273_행복연금대출', 2.63, 120, 100000000.00, false),
('P274_CSS대출', 2.63, 120, 100000000.00, false),
('P275_공무원가계자금대출', 2.516, 120, 100000000.00, false),
('P276_공무원연금수급권자대출', 2.63, 120, 100000000.00, false),
('P277_군인생활안정자금대출', 2.63, 120, 100000000.00, false),
('P278_원큐공무원가계자금대출', 2.516, 120, 100000000.00, false),
('P279_군인공제회_퇴직급여_적립금대출M', 2.63, 120, 100000000.00, false),
('P280_폐업지원대환대출_신용_1억원초과', 2.516, 120, 100000000.00, false),
('P281_핀크생활비대출', 2.516, 120, 100000000.00, false),
('P282_주택신보위탁발행보증서담보대출', 2.63, 120, 100000000.00, false),
('P283_신혼부부전세론,다둥이전세론,복지지킴이', 2.63, 120, 100000000.00, false),
('P284_우량주택전세론', 2.63, 120, 100000000.00, false),
('P285_하나_전세금안심대출', 2.63, 120, 100000000.00, false),
('P286_하나_부분분할상환_전세론', 2.63, 120, 100000000.00, false),
('P287_목돈_안드는_행복전세', 2.63, 120, 100000000.00, false),
('P288_주택신보_전세자금대출_갈아타기', 2.63, 120, 100000000.00, false),
('P289_신혼부부전세론_갈아타기', 2.63, 120, 100000000.00, false),
('P290_다둥이전세론_갈아타기', 2.63, 120, 100000000.00, false),
('P291_우량주택전세론_갈아타기', 2.63, 120, 100000000.00, false),
('P292_전세금안심대출_갈아타기', 2.63, 120, 100000000.00, false),
('P293_하나_전세금안심대출M_P', 2.516, 120, 100000000.00, false),
('P294_서울특별시_청년_임차보증금대출M', 2.63, 120, 100000000.00, false),
('P295_군간부전세자금대출기본M', 2.63, 120, 100000000.00, false),
('P296_주택신보_전세자금대출M_P', 2.546, 120, 100000000.00, false),
('P297_신혼부부전세론M_P', 2.546, 120, 100000000.00, false),
('P298_다둥이전세론M_P', 2.546, 120, 100000000.00, false),
('P299_우량주택전세론M_P', 2.546, 120, 100000000.00, false);

